,City,State,Zip Code,Total Poverty Rate (%),lat,lng
0,Ackworth,Iowa,50001,19.03485254691689,,
1,Adair,Iowa,50002,11.157311157311158,,
2,Adel,Iowa,50003,6.964964119881808,,
3,Albion,Iowa,50005,1.8719211822660096,,
4,Alden,Iowa,50006,9.500308451573103,,
5,Alleman,Iowa,50007,0.5725190839694656,,
6,Allerton,Iowa,50008,14.585414585414586,,
7,Altoona,Iowa,50009,5.721730067743616,,
8,Ames,Iowa,50010,19.974344878138172,,
9,Ames,Iowa,50011,0.0,,
10,Ames,Iowa,50012,0.2500520941862888,,
11,Ames,Iowa,50014,33.43292500746938,,
12,Anita,Iowa,50020,14.406065711878686,,
13,Ankeny,Iowa,50021,6.359097563722362,,
14,Atlantic,Iowa,50022,15.428851095069131,,
15,Ankeny,Iowa,50023,7.4584336995476175,,
16,Audubon,Iowa,50025,10.331384015594542,,
17,Bagley,Iowa,50026,10.45016077170418,,
18,Barnes City,Iowa,50027,13.754646840148695,,
19,Baxter,Iowa,50028,5.0614605929139564,,
20,Bayard,Iowa,50029,13.227513227513228,,
21,Berwick,Iowa,50032,59.25925925925926,,
22,Bevington,Iowa,50033,0.0,,
23,Blairsburg,Iowa,50034,3.601108033240997,,
24,Bondurant,Iowa,50035,4.163162321278385,,
25,Boone,Iowa,50036,9.710349916979276,,
26,Booneville,Iowa,50038,57.352941176470594,,
27,Bouton,Iowa,50039,2.380952380952381,,
28,Bradford,Iowa,50041,0.0,,
29,Brayton,Iowa,50042,6.779661016949151,,
30,Bussey,Iowa,50044,19.9438202247191,,
31,Cambridge,Iowa,50046,9.365179132620993,,
32,Carlisle,Iowa,50047,3.9824502193722577,,
33,Casey,Iowa,50048,13.892365456821027,,
34,Chariton,Iowa,50049,9.762492288710671,,
35,Churdan,Iowa,50050,8.744710860366714,,
36,Clemons,Iowa,50051,21.26984126984127,,
37,Clio,Iowa,50052,6.428571428571429,,
38,Colfax,Iowa,50054,8.649719379333114,,
39,Collins,Iowa,50055,4.6875,,
40,Colo,Iowa,50056,6.9405099150141645,,
41,Columbia,Iowa,50057,7.894736842105262,,
42,Coon Rapids,Iowa,50058,13.914299470389984,,
43,Corydon,Iowa,50060,18.189070602313517,,
44,Cumming,Iowa,50061,0.4181184668989547,,
45,Melcher Dallas,Iowa,50062,17.872340425531913,,
46,Dallas Center,Iowa,50063,3.8345864661654137,,
47,Dana,Iowa,50064,12.087912087912088,,
48,Davis City,Iowa,50065,35.06711409395973,,
49,Dawson,Iowa,50066,1.99203187250996,,
50,Decatur,Iowa,50067,12.987012987012987,,
51,Derby,Iowa,50068,16.216216216216218,,
52,De Soto,Iowa,50069,3.435114503816794,,
53,Dexter,Iowa,50070,5.917553191489363,,
54,Dows,Iowa,50071,6.584362139917697,,
55,Earlham,Iowa,50072,5.529157667386608,,
56,Elkhart,Iowa,50073,12.745869394177813,,
57,Ellston,Iowa,50074,6.607929515418503,,
58,Ellsworth,Iowa,50075,5.203619909502263,,
59,Exira,Iowa,50076,12.235746316463803,,
60,Ferguson,Iowa,50078,14.189189189189188,,
61,Galt,Iowa,50101,4.545454545454546,,
62,Garden City,Iowa,50102,16.483516483516482,,
63,Garden Grove,Iowa,50103,22.92682926829268,,
64,Gibson,Iowa,50104,1.2658227848101269,,
65,Gilbert,Iowa,50105,8.688387635756056,,
66,Gilman,Iowa,50106,7.723577235772357,,
67,Grand Junction,Iowa,50107,17.647058823529417,,
68,Grand River,Iowa,50108,24.390243902439018,,
69,Granger,Iowa,50109,6.156837329876863,,
70,Grimes,Iowa,50111,3.290480563207836,,
71,Grinnell,Iowa,50112,10.225485055060304,,
72,Guthrie Center,Iowa,50115,12.411479686917632,,
73,Hamilton,Iowa,50116,18.103448275862068,,
74,Hamlin,Iowa,50117,40.86021505376344,,
75,Hartford,Iowa,50118,7.662082514734774,,
76,Harvey,Iowa,50119,16.33109619686801,,
77,Haverhill,Iowa,50120,3.125,,
78,Hubbard,Iowa,50122,5.234795996920708,,
79,Humeston,Iowa,50123,8.095952023988007,,
80,Huxley,Iowa,50124,8.102766798418973,,
81,Indianola,Iowa,50125,8.013780707010186,,
82,Iowa Falls,Iowa,50126,6.5935651421151364,,
83,Ira,Iowa,50127,0.0,,
84,Jamaica,Iowa,50128,5.056179775280898,,
85,Jefferson,Iowa,50129,8.17775974025974,,
86,Jewell,Iowa,50130,5.4567749846719815,,
87,Johnston,Iowa,50131,4.611555729065001,,
88,Kamrar,Iowa,50132,7.511737089201878,,
89,Kellerton,Iowa,50133,20.5,,
90,Kelley,Iowa,50134,3.1825795644891124,,
91,Kellogg,Iowa,50135,6.802721088435375,,
92,Keswick,Iowa,50136,12.093023255813955,,
93,Knoxville,Iowa,50138,11.549144341904848,,
94,Lacona,Iowa,50139,9.771754636233954,,
95,Lamoni,Iowa,50140,18.75592042942848,,
96,Laurel,Iowa,50141,3.4482758620689653,,
97,Le Grand,Iowa,50142,10.301768990634756,,
98,Leighton,Iowa,50143,1.7857142857142858,,
99,Leon,Iowa,50144,11.45872597059932,,
100,Linden,Iowa,50146,4.087193460490464,,
101,Lineville,Iowa,50147,14.921465968586388,,
102,Liscomb,Iowa,50148,17.899761336515514,,
103,Lorimor,Iowa,50149,8.11088295687885,,
104,Lovilia,Iowa,50150,9.110396570203644,,
105,Lucas,Iowa,50151,7.4523396880415955,,
106,Lynnville,Iowa,50153,3.6024844720496896,,
107,Mc Callsburg,Iowa,50154,10.374639769452447,,
108,Macksburg,Iowa,50155,10.616438356164382,,
109,Madrid,Iowa,50156,4.617764030048608,,
110,Malcom,Iowa,50157,4.296455424274973,,
111,Marshalltown,Iowa,50158,12.427532750392366,,
112,Martensdale,Iowa,50160,15.883668903803134,,
113,Maxwell,Iowa,50161,4.859611231101511,,
114,Melbourne,Iowa,50162,2.863961813842482,,
115,Melcher Dallas,Iowa,50163,17.676143386897408,,
116,Menlo,Iowa,50164,9.04255319148936,,
117,Millerton,Iowa,50165,8.064516129032258,,
118,Milo,Iowa,50166,4.31701030927835,,
119,Minburn,Iowa,50167,7.706766917293232,,
120,Mingo,Iowa,50168,2.3383768913342498,,
121,Mitchellville,Iowa,50169,6.125721616420782,,
122,Monroe,Iowa,50170,6.256900993743099,,
123,Montezuma,Iowa,50171,9.623430962343095,,
124,Montour,Iowa,50173,12.857142857142858,,
125,Murray,Iowa,50174,13.66906474820144,,
126,Nevada,Iowa,50201,9.888646816751393,,
127,New Providence,Iowa,50206,16.93548387096774,,
128,New Sharon,Iowa,50207,9.547069271758437,,
129,Newton,Iowa,50208,9.567484070283838,,
130,New Virginia,Iowa,50210,3.4852546916890086,,
131,Norwalk,Iowa,50211,3.0472485614717564,,
132,Ogden,Iowa,50212,7.454603376871615,,
133,Osceola,Iowa,50213,15.124450951683748,,
134,Otley,Iowa,50214,0.0,,
135,Panora,Iowa,50216,6.4833812064013125,,
136,Paton,Iowa,50217,9.966777408637872,,
137,Patterson,Iowa,50218,12.0,,
138,Pella,Iowa,50219,5.0671728971962615,,
139,Perry,Iowa,50220,14.340430325560437,,
140,Peru,Iowa,50222,5.158730158730159,,
141,Pilot Mound,Iowa,50223,12.4,,
142,Pleasantville,Iowa,50225,9.793253536452664,,
143,Polk City,Iowa,50226,2.7524403904624744,,
144,Popejoy,Iowa,50227,0.0,,
145,Prairie City,Iowa,50228,9.054834054834057,,
146,Prole,Iowa,50229,1.1389521640091116,,
147,Radcliffe,Iowa,50230,4.857142857142857,,
148,Randall,Iowa,50231,20.74468085106383,,
149,Reasnor,Iowa,50232,6.95067264573991,,
150,Redfield,Iowa,50233,6.0094530722484825,,
151,Rhodes,Iowa,50234,7.401032702237521,,
152,Rippey,Iowa,50235,11.851851851851851,,
153,Roland,Iowa,50236,6.211180124223603,,
154,Runnells,Iowa,50237,3.961584633853541,,
155,Russell,Iowa,50238,8.152580403889305,,
156,Saint Anthony,Iowa,50239,15.584415584415586,,
157,Saint Charles,Iowa,50240,5.393180236604036,,
158,Searsboro,Iowa,50242,23.18840579710145,,
159,Sheldahl,Iowa,50243,8.256880733944952,,
160,Slater,Iowa,50244,4.136125654450262,,
161,Stanhope,Iowa,50246,6.386292834890965,,
162,State Center,Iowa,50247,3.3655868742111905,,
163,Story City,Iowa,50248,8.994350282485875,,
164,Stratford,Iowa,50249,5.145228215767634,,
165,Stuart,Iowa,50250,10.981912144702845,,
166,Sully,Iowa,50251,10.231516056758776,,
167,Swan,Iowa,50252,16.113744075829384,,
168,Thayer,Iowa,50254,4.511278195488722,,
169,Thornburg,Iowa,50255,1.4492753623188406,,
170,Tracy,Iowa,50256,8.426966292134832,,
171,Truro,Iowa,50257,6.666666666666668,,
172,Union,Iowa,50258,9.014869888475836,,
173,Van Meter,Iowa,50261,3.808073115003808,,
174,Van Wert,Iowa,50262,4.195804195804196,,
175,Waukee,Iowa,50263,3.0259960570354414,,
176,Weldon,Iowa,50264,26.424870466321245,,
177,West Des Moines,Iowa,50265,6.110952878255643,,
178,West Des Moines,Iowa,50266,6.8229980892826125,,
179,What Cheer,Iowa,50268,12.869198312236287,,
180,Williams,Iowa,50271,10.413223140495868,,
181,Williamson,Iowa,50272,5.185185185185184,,
182,Winterset,Iowa,50273,8.721351025331725,,
183,Wiota,Iowa,50274,2.166064981949458,,
184,Woodburn,Iowa,50275,18.720748829953198,,
185,Woodward,Iowa,50276,11.280388978930304,,
186,Yale,Iowa,50277,6.722689075630252,,
187,Zearing,Iowa,50278,11.328125,,
188,Des Moines,Iowa,50309,22.01298701298701,,
189,Des Moines,Iowa,50310,12.451044897703419,,
190,Des Moines,Iowa,50311,20.8843797856049,,
191,Des Moines,Iowa,50312,9.363434492968171,,
192,Des Moines,Iowa,50313,15.876551065860644,,
193,Des Moines,Iowa,50314,30.098616060329825,,
194,Des Moines,Iowa,50315,18.028016319077913,,
195,Des Moines,Iowa,50316,18.636680613668066,,
196,Des Moines,Iowa,50317,16.492374153781313,,
197,Des Moines,Iowa,50319,,,
198,Des Moines,Iowa,50320,17.232470652223178,,
199,Des Moines,Iowa,50321,18.315450643776824,,
200,Urbandale,Iowa,50322,8.885736394119164,,
201,Urbandale,Iowa,50323,1.5182631656153731,,
202,Windsor Heights,Iowa,50324,11.062124248496994,,
203,Clive,Iowa,50325,5.7256202261827225,,
204,Pleasant Hill,Iowa,50327,4.777945217622551,,
205,Mason City,Iowa,50401,11.924931129476585,,
206,Alexander,Iowa,50420,22.597402597402606,,
207,Belmond,Iowa,50421,11.854103343465045,,
208,Britt,Iowa,50423,7.545086492454914,,
209,Buffalo Center,Iowa,50424,6.119610570236437,,
210,Carpenter,Iowa,50426,12.0,,
211,Clear Lake,Iowa,50428,10.32849020846494,,
212,Corwith,Iowa,50430,7.625272331154684,,
213,Coulter,Iowa,50431,3.286384976525821,,
214,Crystal Lake,Iowa,50432,20.851063829787236,,
215,Dougherty,Iowa,50433,2.4038461538461537,,
216,Fertile,Iowa,50434,2.487562189054726,,
217,Floyd,Iowa,50435,4.94752623688156,,
218,Forest City,Iowa,50436,9.041926250210473,,
219,Garner,Iowa,50438,5.979827089337176,,
220,Goodell,Iowa,50439,24.561403508771928,,
221,Grafton,Iowa,50440,7.321131447587353,,
222,Hampton,Iowa,50441,17.250922509225088,,
223,Hanlontown,Iowa,50444,6.091370558375634,,
224,Joice,Iowa,50446,3.838771593090211,,
225,Kanawha,Iowa,50447,14.036617262423716,,
226,Kensett,Iowa,50448,9.511568123393316,,
227,Klemme,Iowa,50449,18.644067796610173,,
228,Lake Mills,Iowa,50450,9.659303631598652,,
229,Lakota,Iowa,50451,10.526315789473683,,
230,Latimer,Iowa,50452,21.006289308176104,,
231,Leland,Iowa,50453,1.5655577299412915,,
232,Little Cedar,Iowa,50454,0.0,,
233,Mc Intire,Iowa,50455,1.98776758409786,,
234,Manly,Iowa,50456,12.520775623268698,,
235,Meservey,Iowa,50457,13.296398891966758,,
236,Nora Springs,Iowa,50458,8.55539971949509,,
237,Northwood,Iowa,50459,12.085976039464411,,
238,Orchard,Iowa,50460,9.285714285714286,,
239,Osage,Iowa,50461,7.809187279151944,,
240,Plymouth,Iowa,50464,6.785714285714287,,
241,Rake,Iowa,50465,31.578947368421048,,
242,Riceville,Iowa,50466,9.330877839165133,,
243,Rock Falls,Iowa,50467,10.989010989010987,,
244,Rockford,Iowa,50468,5.374823196605375,,
245,Rockwell,Iowa,50469,5.270006506180873,,
246,Rowan,Iowa,50470,14.074074074074074,,
247,Rudd,Iowa,50471,13.228346456692913,,
248,Saint Ansgar,Iowa,50472,8.34862385321101,,
249,Scarville,Iowa,50473,10.173697270471463,,
250,Sheffield,Iowa,50475,11.658354114713216,,
251,Stacyville,Iowa,50476,9.18774966711052,,
252,Swaledale,Iowa,50477,13.79310344827586,,
253,Thompson,Iowa,50478,11.387434554973822,,
254,Thornton,Iowa,50479,14.411247803163445,,
255,Titonka,Iowa,50480,10.51454138702461,,
256,Ventura,Iowa,50482,2.965599051008304,,
257,Wesley,Iowa,50483,7.339449541284404,,
258,Woden,Iowa,50484,15.211970074812967,,
259,Fort Dodge,Iowa,50501,15.692460387791991,,
260,Albert City,Iowa,50510,8.949416342412453,,
261,Algona,Iowa,50511,6.876553438276719,,
262,Armstrong,Iowa,50514,9.432672590567329,,
263,Ayrshire,Iowa,50515,29.487179487179485,,
264,Badger,Iowa,50516,4.134762633996937,,
265,Bancroft,Iowa,50517,9.877800407331977,,
266,Barnum,Iowa,50518,20.993227990970656,,
267,Bode,Iowa,50519,20.0,,
268,Bradgate,Iowa,50520,5.0,,
269,Burnside,Iowa,50521,42.68774703557313,,
270,Burt,Iowa,50522,18.80952380952381,,
271,Callender,Iowa,50523,18.894009216589858,,
272,Clare,Iowa,50524,3.9344262295081966,,
273,Clarion,Iowa,50525,17.01816051552431,,
274,Curlew,Iowa,50527,4.181184668989547,,
275,Cylinder,Iowa,50528,2.0648967551622417,,
276,Dakota City,Iowa,50529,7.057256990679095,,
277,Dayton,Iowa,50530,10.245554614733274,,
278,Dolliver,Iowa,50531,8.936170212765957,,
279,Duncombe,Iowa,50532,24.524076147816352,,
280,Eagle Grove,Iowa,50533,11.024844720496896,,
281,Early,Iowa,50535,15.634218289085545,,
282,Emmetsburg,Iowa,50536,3.3362792752982773,,
283,Farnhamville,Iowa,50538,13.911290322580646,,
284,Fenton,Iowa,50539,15.953947368421053,,
285,Fonda,Iowa,50540,8.730158730158731,,
286,Gilmore City,Iowa,50541,7.82051282051282,,
287,Goldfield,Iowa,50542,8.19277108433735,,
288,Gowrie,Iowa,50543,9.396914446002805,,
289,Harcourt,Iowa,50544,10.501193317422434,,
290,Hardy,Iowa,50545,33.898305084745765,,
291,Havelock,Iowa,50546,32.770270270270274,,
292,Humboldt,Iowa,50548,12.274432731820614,,
293,Jolley,Iowa,50551,1.6666666666666667,,
294,Laurens,Iowa,50554,13.791044776119405,,
295,Ledyard,Iowa,50556,4.0,,
296,Lehigh,Iowa,50557,7.797537619699043,,
297,Livermore,Iowa,50558,14.603616133518775,,
298,Lone Rock,Iowa,50559,14.569536423841061,,
299,Lu Verne,Iowa,50560,18.560606060606066,,
300,Lytton,Iowa,50561,15.748031496062989,,
301,Mallard,Iowa,50562,13.874345549738221,,
302,Manson,Iowa,50563,10.93210586881473,,
303,Marathon,Iowa,50565,22.09302325581395,,
304,Moorland,Iowa,50566,15.090090090090088,,
305,Nemaha,Iowa,50567,13.14878892733564,,
306,Newell,Iowa,50568,11.835443037974686,,
307,Otho,Iowa,50569,11.890243902439025,,
308,Ottosen,Iowa,50570,10.476190476190476,,
309,Palmer,Iowa,50571,9.669211195928753,,
310,Plover,Iowa,50573,0.0,,
311,Pocahontas,Iowa,50574,13.300248138957816,,
312,Pomeroy,Iowa,50575,18.343195266272193,,
313,Rembrandt,Iowa,50576,3.0812324929971986,,
314,Renwick,Iowa,50577,8.604651162790697,,
315,Ringsted,Iowa,50578,15.495207667731625,,
316,Rockwell City,Iowa,50579,11.093990755007704,,
317,Rolfe,Iowa,50581,12.063492063492065,,
318,Rutland,Iowa,50582,9.89399293286219,,
319,Sac City,Iowa,50583,8.202989224887036,,
320,Sioux Rapids,Iowa,50585,13.71610845295056,,
321,Somers,Iowa,50586,8.996539792387543,,
322,Storm Lake,Iowa,50588,14.46614889777987,,
323,Swea City,Iowa,50590,23.137697516930018,,
324,Thor,Iowa,50591,8.551068883610451,,
325,Varina,Iowa,50593,34.328358208955216,,
326,Vincent,Iowa,50594,5.3921568627450975,,
327,Webster City,Iowa,50595,10.740091964090213,,
328,West Bend,Iowa,50597,10.264900662251655,,
329,Whittemore,Iowa,50598,6.407035175879398,,
330,Woolstock,Iowa,50599,3.2745591939546603,,
331,Ackley,Iowa,50601,9.891870244293152,,
332,Allison,Iowa,50602,7.7146171693735495,,
333,Alta Vista,Iowa,50603,3.9705882352941178,,
334,Aplington,Iowa,50604,10.02290950744559,,
335,Aredale,Iowa,50605,7.011070110701108,,
336,Arlington,Iowa,50606,15.295629820051413,,
337,Aurora,Iowa,50607,22.417153996101366,,
338,Beaman,Iowa,50609,2.4017467248908297,,
339,Bristow,Iowa,50611,16.20253164556962,,
340,Buckingham,Iowa,50612,0.0,,
341,Cedar Falls,Iowa,50613,16.524771306946835,,
342,Charles City,Iowa,50616,20.390206579954096,,
343,Clarksville,Iowa,50619,9.828523630280216,,
344,Colwell,Iowa,50620,34.0,,
345,Conrad,Iowa,50621,7.250163291966035,,
346,Denver,Iowa,50622,7.731958762886598,,
347,Dike,Iowa,50624,3.1692133559705717,,
348,Dumont,Iowa,50625,17.36111111111111,,
349,Dunkerton,Iowa,50626,4.825737265415548,,
350,Eldora,Iowa,50627,7.212713936430317,,
351,Elma,Iowa,50628,16.570959803117308,,
352,Fairbank,Iowa,50629,11.016949152542374,,
353,Fredericksburg,Iowa,50630,6.663376110562685,,
354,Garwin,Iowa,50632,5.699481865284972,,
355,Geneva,Iowa,50633,10.674157303370787,,
356,Gilbertville,Iowa,50634,11.731843575418994,,
357,Gladbrook,Iowa,50635,8.108108108108109,,
358,Greene,Iowa,50636,14.996964177292044,,
359,Grundy Center,Iowa,50638,6.19520748100526,,
360,Hazleton,Iowa,50641,14.366197183098592,,
361,Holland,Iowa,50642,4.313725490196078,,
362,Hudson,Iowa,50643,1.1877394636015326,,
363,Independence,Iowa,50644,6.50708024275118,,
364,Ionia,Iowa,50645,8.459214501510575,,
365,Janesville,Iowa,50647,2.7011817670230727,,
366,Jesup,Iowa,50648,3.881378107283035,,
367,Lamont,Iowa,50650,18.170731707317074,,
368,La Porte City,Iowa,50651,8.693229311786013,,
369,Lincoln,Iowa,50652,18.055555555555557,,
370,Marble Rock,Iowa,50653,6.349206349206349,,
371,Masonville,Iowa,50654,8.590308370044053,,
372,Maynard,Iowa,50655,12.517985611510792,,
373,Nashua,Iowa,50658,5.384938998737905,,
374,New Hampton,Iowa,50659,8.625235404896422,,
375,New Hartford,Iowa,50660,4.5351473922902485,,
376,Oelwein,Iowa,50662,12.946493657967634,,
377,Oran,Iowa,50664,28.35820895522388,,
378,Parkersburg,Iowa,50665,7.963709677419355,,
379,Plainfield,Iowa,50666,5.097706032285472,,
380,Raymond,Iowa,50667,7.012987012987013,,
381,Readlyn,Iowa,50668,10.586319218241043,,
382,Reinbeck,Iowa,50669,6.171809841534612,,
383,Shell Rock,Iowa,50670,6.2829736211031175,,
384,Stanley,Iowa,50671,5.4945054945054945,,
385,Steamboat Rock,Iowa,50672,6.434782608695652,,
386,Stout,Iowa,50673,11.656441717791411,,
387,Sumner,Iowa,50674,7.89848873681209,,
388,Traer,Iowa,50675,6.056701030927835,,
389,Tripoli,Iowa,50676,10.313688212927756,,
390,Waverly,Iowa,50677,6.194471865745312,,
391,Wellsburg,Iowa,50680,4.292527821939586,,
392,Westgate,Iowa,50681,5.0113895216400905,,
393,Winthrop,Iowa,50682,6.207674943566589,,
394,Waterloo,Iowa,50701,12.80612410392812,,
395,Waterloo,Iowa,50702,9.924366312346688,,
396,Waterloo,Iowa,50703,27.99498222872674,,
397,Evansdale,Iowa,50707,13.763688760806911,,
398,Creston,Iowa,50801,14.113705371165324,,
399,Afton,Iowa,50830,12.803532008830025,,
400,Bedford,Iowa,50833,13.784021071115015,,
401,Benton,Iowa,50835,4.819277108433735,,
402,Blockton,Iowa,50836,23.208191126279864,,
403,Bridgewater,Iowa,50837,16.184971098265898,,
404,Carbon,Iowa,50839,12.5,,
405,Clearfield,Iowa,50840,11.403508771929824,,
406,Corning,Iowa,50841,12.261682242990654,,
407,Cromwell,Iowa,50842,2.9702970297029703,,
408,Cumberland,Iowa,50843,12.357414448669202,,
409,Diagonal,Iowa,50845,9.797297297297296,,
410,Fontanelle,Iowa,50846,8.559919436052366,,
411,Grant,Iowa,50847,34.40860215053763,,
412,Gravity,Iowa,50848,5.866666666666666,,
413,Greenfield,Iowa,50849,8.518518518518519,,
414,Lenox,Iowa,50851,7.102125453602903,,
415,Massena,Iowa,50853,11.875843454790823,,
416,Mount Ayr,Iowa,50854,10.507674144037779,,
417,Nodaway,Iowa,50857,17.808219178082194,,
418,Orient,Iowa,50858,11.473272490221644,,
419,Prescott,Iowa,50859,8.747855917667238,,
420,Redding,Iowa,50860,12.083333333333336,,
421,Shannon City,Iowa,50861,3.30188679245283,,
422,Sharpsburg,Iowa,50862,4.694835680751174,,
423,Tingley,Iowa,50863,8.333333333333334,,
424,Villisca,Iowa,50864,13.38621715418939,,
425,Akron,Iowa,51001,5.998248686514888,,
426,Alta,Iowa,51002,8.798356727148239,,
427,Alton,Iowa,51003,5.451448040885861,,
428,Anthon,Iowa,51004,11.235955056179776,,
429,Aurelia,Iowa,51005,9.173669467787112,,
430,Battle Creek,Iowa,51006,10.903732809430256,,
431,Bronson,Iowa,51007,6.5099457504520775,,
432,Brunsville,Iowa,51008,1.0416666666666667,,
433,Calumet,Iowa,51009,15.24390243902439,,
434,Castana,Iowa,51010,7.317073170731707,,
435,Chatsworth,Iowa,51011,13.513513513513516,,
436,Cherokee,Iowa,51012,13.249409913453976,,
437,Cleghorn,Iowa,51014,10.15801354401806,,
438,Correctionville,Iowa,51016,10.044977511244378,,
439,Cushing,Iowa,51018,2.6595744680851063,,
440,Danbury,Iowa,51019,13.773148148148149,,
441,Galva,Iowa,51020,6.851549755301795,,
442,Granville,Iowa,51022,3.79746835443038,,
443,Hawarden,Iowa,51023,8.721311475409836,,
444,Hinton,Iowa,51024,5.2987598647125145,,
445,Holstein,Iowa,51025,7.096124811273277,,
446,Hornick,Iowa,51026,3.4263959390862944,,
447,Ireton,Iowa,51027,8.368915456874468,,
448,Kingsley,Iowa,51028,6.1299176578225065,,
449,Larrabee,Iowa,51029,11.920529801324506,,
450,Lawton,Iowa,51030,1.1302795954788816,,
451,Le Mars,Iowa,51031,10.22755278074427,,
452,Linn Grove,Iowa,51033,6.692913385826771,,
453,Mapleton,Iowa,51034,12.899607403252945,,
454,Marcus,Iowa,51035,6.007604562737643,,
455,Maurice,Iowa,51036,1.2514220705346986,,
456,Meriden,Iowa,51037,3.3264033264033266,,
457,Merrill,Iowa,51038,6.031363088057902,,
458,Moville,Iowa,51039,8.607198748043821,,
459,Onawa,Iowa,51040,20.108385624643468,,
460,Orange City,Iowa,51041,7.270029673590504,,
461,Oto,Iowa,51044,16.29955947136564,,
462,Paullina,Iowa,51046,8.690404345202174,,
463,Peterson,Iowa,51047,6.543385490753912,,
464,Pierson,Iowa,51048,10.18062397372742,,
465,Quimby,Iowa,51049,17.494600431965438,,
466,Remsen,Iowa,51050,7.11312902005297,,
467,Rodney,Iowa,51051,6.25,,
468,Salix,Iowa,51052,6.280193236714977,,
469,Schaller,Iowa,51053,11.087645195353751,,
470,Sergeant Bluff,Iowa,51054,19.57776975821003,,
471,Sloan,Iowa,51055,9.369369369369368,,
472,Smithland,Iowa,51056,8.411214953271028,,
473,Sutherland,Iowa,51058,7.903402854006586,,
474,Ute,Iowa,51060,13.59724612736661,,
475,Washta,Iowa,51061,11.04734576757532,,
476,Westfield,Iowa,51062,28.489483747609945,,
477,Whiting,Iowa,51063,10.183639398998329,,
478,Sioux City,Iowa,51101,38.47926267281107,,
479,Sioux City,Iowa,51103,23.570980794437794,,
480,Sioux City,Iowa,51104,10.195574083107898,,
481,Sioux City,Iowa,51105,24.129714048901786,,
482,Sioux City,Iowa,51106,8.217751831331574,,
483,Sioux City,Iowa,51108,9.12280701754386,,
484,Sioux City,Iowa,51109,7.796498183019493,,
485,Sioux City,Iowa,51111,0.0,,
486,Sheldon,Iowa,51201,10.020174848688637,,
487,Alvord,Iowa,51230,3.4615384615384617,,
488,Archer,Iowa,51231,6.544502617801047,,
489,Ashton,Iowa,51232,6.606606606606608,,
490,Boyden,Iowa,51234,8.393866020984666,,
491,Doon,Iowa,51235,3.099630996309964,,
492,George,Iowa,51237,4.038577456298976,,
493,Hospers,Iowa,51238,1.9286403085824493,,
494,Hull,Iowa,51239,5.313092979127135,,
495,Inwood,Iowa,51240,7.103123662815576,,
496,Larchwood,Iowa,51241,3.0885780885780885,,
497,Lester,Iowa,51242,7.053941908713693,,
498,Little Rock,Iowa,51243,3.9281705948372614,,
499,Matlock,Iowa,51244,1.4285714285714286,,
500,Primghar,Iowa,51245,8.387096774193548,,
501,Rock Rapids,Iowa,51246,5.036188178528348,,
502,Rock Valley,Iowa,51247,12.774990351215749,,
503,Sanborn,Iowa,51248,5.857294994675188,,
504,Sibley,Iowa,51249,11.991434689507495,,
505,Sioux Center,Iowa,51250,6.176746366619784,,
506,Spencer,Iowa,51301,11.78682883892134,,
507,Arnolds Park,Iowa,51331,13.761467889908257,,
508,Dickens,Iowa,51333,20.449897750511244,,
509,Estherville,Iowa,51334,12.714285714285715,,
510,Everly,Iowa,51338,11.1328125,,
511,Gillett Grove,Iowa,51341,26.470588235294123,,
512,Graettinger,Iowa,51342,9.680065627563577,,
513,Greenville,Iowa,51343,14.984709480122323,,
514,Harris,Iowa,51345,11.233480176211453,,
515,Hartley,Iowa,51346,11.731601731601732,,
516,Lake Park,Iowa,51347,6.215083798882683,,
517,Melvin,Iowa,51350,7.1330589849108375,,
518,Milford,Iowa,51351,7.781674704077159,,
519,Ocheyedan,Iowa,51354,17.24137931034483,,
520,Okoboji,Iowa,51355,12.781954887218044,,
521,Royal,Iowa,51357,7.655502392344498,,
522,Ruthven,Iowa,51358,6.133333333333334,,
523,Spirit Lake,Iowa,51360,6.983892782491085,,
524,Superior,Iowa,51363,5.05050505050505,,
525,Terril,Iowa,51364,9.152086137281293,,
526,Wallingford,Iowa,51365,18.15856777493606,,
527,Webb,Iowa,51366,3.9787798408488064,,
528,Carroll,Iowa,51401,9.13875198396124,,
529,Arcadia,Iowa,51430,2.965599051008304,,
530,Arthur,Iowa,51431,5.922551252847381,,
531,Auburn,Iowa,51433,20.222222222222214,,
532,Breda,Iowa,51436,16.005291005291006,,
533,Charter Oak,Iowa,51439,14.24706943192065,,
534,Dedham,Iowa,51440,8.78186968838527,,
535,Deloit,Iowa,51441,26.208651399491096,,
536,Denison,Iowa,51442,22.28381374722839,,
537,Glidden,Iowa,51443,6.770255271920089,,
538,Halbur,Iowa,51444,0.0,,
539,Ida Grove,Iowa,51445,14.347202295552368,,
540,Irwin,Iowa,51446,9.215017064846416,,
541,Kirkman,Iowa,51447,7.391304347826088,,
542,Kiron,Iowa,51448,16.883116883116884,,
543,Lake City,Iowa,51449,18.700696055684453,,
544,Lake View,Iowa,51450,6.128133704735376,,
545,Lanesboro,Iowa,51451,0.0,,
546,Lohrville,Iowa,51453,12.596006144393241,,
547,Manilla,Iowa,51454,9.928617780661908,,
548,Manning,Iowa,51455,15.336916081025214,,
549,Odebolt,Iowa,51458,4.723885562208915,,
550,Ralston,Iowa,51459,22.72727272727273,,
551,Schleswig,Iowa,51461,13.345864661654133,,
552,Scranton,Iowa,51462,12.06896551724138,,
553,Templeton,Iowa,51463,5.8,,
554,Vail,Iowa,51465,7.266009852216749,,
555,Wall Lake,Iowa,51466,10.761904761904765,,
556,Westside,Iowa,51467,6.09375,,
557,Council Bluffs,Iowa,51501,15.964112788379381,,
558,Council Bluffs,Iowa,51503,8.272839705328817,,
559,Carter Lake,Iowa,51510,16.371330335889972,,
560,Arion,Iowa,51520,11.734693877551019,,
561,Avoca,Iowa,51521,9.100204498977504,,
562,Blencoe,Iowa,51523,13.333333333333336,,
563,Carson,Iowa,51525,7.061900610287707,,
564,Crescent,Iowa,51526,3.0678851174934727,,
565,Defiance,Iowa,51527,8.893280632411066,,
566,Dow City,Iowa,51528,12.8686327077748,,
567,Dunlap,Iowa,51529,7.2632190586868095,,
568,Earling,Iowa,51530,1.7811704834605595,,
569,Elk Horn,Iowa,51531,7.636887608069165,,
570,Elliott,Iowa,51532,4.4692737430167595,,
571,Emerson,Iowa,51533,9.142212189616252,,
572,Glenwood,Iowa,51534,10.327619874159254,,
573,Griswold,Iowa,51535,16.291327264015333,,
574,Hancock,Iowa,51536,9.25,,
575,Harlan,Iowa,51537,10.095476600406947,,
576,Hastings,Iowa,51540,10.4,,
577,Henderson,Iowa,51541,5.421686746987952,,
578,Honey Creek,Iowa,51542,6.347746090156393,,
579,Kimballton,Iowa,51543,6.403013182674202,,
580,Lewis,Iowa,51544,6.618705035971223,,
581,Little Sioux,Iowa,51545,30.158730158730158,,
582,Logan,Iowa,51546,6.622284512964263,,
583,Mc Clelland,Iowa,51548,4.177545691906007,,
584,Macedonia,Iowa,51549,4.564315352697093,,
585,Magnolia,Iowa,51550,8.695652173913043,,
586,Malvern,Iowa,51551,6.102253985706433,,
587,Marne,Iowa,51552,2.380952380952381,,
588,Minden,Iowa,51553,2.0597322348094758,,
589,Mineola,Iowa,51554,0.0,,
590,Missouri Valley,Iowa,51555,11.946721311475413,,
591,Modale,Iowa,51556,14.252336448598127,,
592,Mondamin,Iowa,51557,8.955223880597012,,
593,Moorhead,Iowa,51558,16.666666666666668,,
594,Neola,Iowa,51559,8.027522935779816,,
595,Oakland,Iowa,51560,4.2332613390928735,,
596,Pacific Junction,Iowa,51561,6.724367509986683,,
597,Panama,Iowa,51562,8.456659619450317,,
598,Persia,Iowa,51563,11.854103343465045,,
599,Pisgah,Iowa,51564,22.871046228710465,,
600,Portsmouth,Iowa,51565,5.5028462998102485,,
601,Red Oak,Iowa,51566,19.689755797880512,,
602,Shelby,Iowa,51570,11.825922421948912,,
603,Silver City,Iowa,51571,2.268431001890359,,
604,Soldier,Iowa,51572,8.464566929133857,,
605,Stanton,Iowa,51573,3.3088235294117645,,
606,Treynor,Iowa,51575,2.5570145127850727,,
607,Underwood,Iowa,51576,3.193987787693753,,
608,Walnut,Iowa,51577,4.6918123275069,,
609,Westphalia,Iowa,51578,17.24137931034483,,
610,Woodbine,Iowa,51579,7.395097631906937,,
611,Shenandoah,Iowa,51601,16.718695802983007,,
612,Blanchard,Iowa,51630,0.4219409282700422,,
613,Braddyville,Iowa,51631,13.962264150943394,,
614,Clarinda,Iowa,51632,10.537512409587293,,
615,Coin,Iowa,51636,15.789473684210524,,
616,College Springs,Iowa,51637,19.565217391304348,,
617,Essex,Iowa,51638,6.677140612725845,,
618,Farragut,Iowa,51639,7.735583684950773,,
619,Hamburg,Iowa,51640,13.293650793650794,,
620,Imogene,Iowa,51645,6.315789473684211,,
621,New Market,Iowa,51646,6.022408963585434,,
622,Northboro,Iowa,51647,7.608695652173912,,
623,Percival,Iowa,51648,0.0,,
624,Randolph,Iowa,51649,6.204379562043796,,
625,Riverton,Iowa,51650,9.375,,
626,Sidney,Iowa,51652,13.099630996309966,,
627,Tabor,Iowa,51653,9.529942047649712,,
628,Thurman,Iowa,51654,17.554240631163708,,
629,Yorktown,Iowa,51656,3.333333333333333,,
630,Dubuque,Iowa,52001,17.04767375071798,,
631,Dubuque,Iowa,52002,6.588864575735473,,
632,Dubuque,Iowa,52003,9.298362599096096,,
633,Andrew,Iowa,52030,17.92656587473002,,
634,Bellevue,Iowa,52031,7.894736842105262,,
635,Bernard,Iowa,52032,1.99288256227758,,
636,Cascade,Iowa,52033,11.24471888202795,,
637,Colesburg,Iowa,52035,3.2114183764495987,,
638,Delmar,Iowa,52037,6.513761467889907,,
639,Dundee,Iowa,52038,9.786476868327401,,
640,Durango,Iowa,52039,1.4911463187325256,,
641,Dyersville,Iowa,52040,4.513021762397432,,
642,Earlville,Iowa,52041,4.708994708994709,,
643,Edgewood,Iowa,52042,5.766710353866317,,
644,Elkader,Iowa,52043,7.531760435571687,,
645,Elkport,Iowa,52044,10.92436974789916,,
646,Epworth,Iowa,52045,7.024793388429752,,
647,Farley,Iowa,52046,6.224066390041496,,
648,Farmersburg,Iowa,52047,15.03875968992248,,
649,Garber,Iowa,52048,9.917355371900827,,
650,Garnavillo,Iowa,52049,8.622994652406419,,
651,Greeley,Iowa,52050,4.409448818897638,,
652,Guttenberg,Iowa,52052,10.104166666666666,,
653,Holy Cross,Iowa,52053,3.3460803059273423,,
654,La Motte,Iowa,52054,3.5869565217391304,,
655,Manchester,Iowa,52057,10.410709643878349,,
656,Maquoketa,Iowa,52060,15.979685839140195,,
657,Miles,Iowa,52064,7.264957264957265,,
658,New Vienna,Iowa,52065,4.476190476190476,,
659,North Buena Vista,Iowa,52066,18.055555555555557,,
660,Peosta,Iowa,52068,5.455770094297261,,
661,Preston,Iowa,52069,8.609693877551019,,
662,Sabula,Iowa,52070,3.641092327698309,,
663,Saint Olaf,Iowa,52072,1.30718954248366,,
664,Sherrill,Iowa,52073,5.137751303052867,,
665,Spragueville,Iowa,52074,14.763231197771587,,
666,Strawberry Point,Iowa,52076,8.690280065897861,,
667,Volga,Iowa,52077,5.367231638418079,,
668,Worthington,Iowa,52078,5.317577548005908,,
669,Zwingle,Iowa,52079,8.651911468812878,,
670,Decorah,Iowa,52101,6.660726219648027,,
671,Calmar,Iowa,52132,9.910384818133897,,
672,Castalia,Iowa,52133,4.0498442367601255,,
673,Chester,Iowa,52134,16.22340425531915,,
674,Clermont,Iowa,52135,10.891089108910892,,
675,Cresco,Iowa,52136,10.261637784573564,,
676,Dorchester,Iowa,52140,15.92039800995025,,
677,Elgin,Iowa,52141,9.903536977491964,,
678,Fayette,Iowa,52142,18.165467625899282,,
679,Fort Atkinson,Iowa,52144,5.8147882268485285,,
680,Harpers Ferry,Iowa,52146,7.44336569579288,,
681,Hawkeye,Iowa,52147,12.863070539419088,,
682,Lansing,Iowa,52151,7.339449541284404,,
683,Lawler,Iowa,52154,4.9883990719257545,,
684,Lime Springs,Iowa,52155,13.636363636363635,,
685,Luana,Iowa,52156,9.472049689440992,,
686,Mc Gregor,Iowa,52157,10.198456449834618,,
687,Marquette,Iowa,52158,13.675213675213676,,
688,Monona,Iowa,52159,9.365290723479806,,
689,New Albin,Iowa,52160,5.447470817120624,,
690,Ossian,Iowa,52161,6.4820641913152945,,
691,Postville,Iowa,52162,27.34485689997167,,
692,Protivin,Iowa,52163,3.4615384615384617,,
693,Randalia,Iowa,52164,10.18867924528302,,
694,Ridgeway,Iowa,52165,5.916305916305916,,
695,Saint Lucas,Iowa,52166,11.304347826086955,,
696,Spillville,Iowa,52168,12.030075187969926,,
697,Wadena,Iowa,52169,18.206521739130434,,
698,Waterville,Iowa,52170,8.085106382978722,,
699,Waucoma,Iowa,52171,6.997742663656885,,
700,Waukon,Iowa,52172,7.591933570581257,,
701,West Union,Iowa,52175,11.348501664816869,,
702,Ainsworth,Iowa,52201,2.762803234501348,,
703,Alburnett,Iowa,52202,4.36105476673428,,
704,Amana,Iowa,52203,1.2263668880940215,,
705,Anamosa,Iowa,52205,8.818243091440127,,
706,Atkins,Iowa,52206,3.0,,
707,Baldwin,Iowa,52207,3.117505995203837,,
708,Belle Plaine,Iowa,52208,12.735397382700286,,
709,Blairstown,Iowa,52209,8.903544929925804,,
710,Brandon,Iowa,52210,9.393063583815028,,
711,Brooklyn,Iowa,52211,8.097849008857022,,
712,Center Junction,Iowa,52212,30.625,,
713,Center Point,Iowa,52213,3.2155130093274424,,
714,Central City,Iowa,52214,8.51119208745445,,
715,Chelsea,Iowa,52215,2.8901734104046244,,
716,Clarence,Iowa,52216,7.474600870827285,,
717,Clutier,Iowa,52217,10.256410256410255,,
718,Coggon,Iowa,52218,6.598680263947212,,
719,Prairieburg,Iowa,52219,11.695906432748535,,
720,Conroy,Iowa,52220,0.0,,
721,Guernsey,Iowa,52221,4.166666666666667,,
722,Deep River,Iowa,52222,7.100591715976331,,
723,Delhi,Iowa,52223,10.318664643399089,,
724,Dysart,Iowa,52224,7.451797811360082,,
725,Elberon,Iowa,52225,13.333333333333336,,
726,Ely,Iowa,52227,2.4259609325771896,,
727,Fairfax,Iowa,52228,3.2791817087845967,,
728,Garrison,Iowa,52229,6.3170441001191895,,
729,Harper,Iowa,52231,8.465608465608465,,
730,Hartwick,Iowa,52232,4.455445544554456,,
731,Hiawatha,Iowa,52233,13.43430093955967,,
732,Hills,Iowa,52235,7.317073170731707,,
733,Homestead,Iowa,52236,9.147095179233622,,
734,Hopkinton,Iowa,52237,14.411366711772663,,
735,Iowa City,Iowa,52240,27.210685954269714,,
736,Coralville,Iowa,52241,13.84971896262696,,
737,Iowa City,Iowa,52242,0.0,,
738,Iowa City,Iowa,52245,15.416700413055803,,
739,Iowa City,Iowa,52246,27.15601938779966,,
740,Kalona,Iowa,52247,7.419409858434249,,
741,Keota,Iowa,52248,15.884476534296025,,
742,Keystone,Iowa,52249,5.174129353233831,,
743,Ladora,Iowa,52251,4.105090311986864,,
744,Lisbon,Iowa,52253,7.888275015346839,,
745,Lost Nation,Iowa,52254,20.048899755501214,,
746,Lowden,Iowa,52255,7.848633496846531,,
747,Luzerne,Iowa,52257,3.584229390681004,,
748,Marengo,Iowa,52301,12.26233122072196,,
749,Marion,Iowa,52302,7.194787552514403,,
750,Martelle,Iowa,52305,4.243542435424353,,
751,Mechanicsville,Iowa,52306,3.866128101557992,,
752,Middle Amana,Iowa,52307,0.0,,
753,Millersburg,Iowa,52308,9.696969696969695,,
754,Monmouth,Iowa,52309,11.749347258485642,,
755,Monticello,Iowa,52310,6.667690889537562,,
756,Morley,Iowa,52312,16.129032258064516,,
757,Mount Auburn,Iowa,52313,13.881019830028329,,
758,Mount Vernon,Iowa,52314,4.8395061728395055,,
759,Newhall,Iowa,52315,5.577689243027889,,
760,North English,Iowa,52316,13.993362831858411,,
761,North Liberty,Iowa,52317,4.65974025974026,,
762,Norway,Iowa,52318,13.3492252681764,,
763,Olin,Iowa,52320,13.840830449826989,,
764,Onslow,Iowa,52321,16.7816091954023,,
765,Oxford,Iowa,52322,3.925099027727764,,
766,Oxford Junction,Iowa,52323,10.781078107810783,,
767,Palo,Iowa,52324,6.290322580645161,,
768,Parnell,Iowa,52325,11.308203991130819,,
769,Quasqueton,Iowa,52326,7.581967213114754,,
770,Riverside,Iowa,52327,8.579785505362366,,
771,Robins,Iowa,52328,0.7140307033202428,,
772,Rowley,Iowa,52329,3.4406215316315207,,
773,Ryan,Iowa,52330,9.38722294654498,,
774,Shellsburg,Iowa,52332,9.749034749034749,,
775,Solon,Iowa,52333,5.057540884312538,,
776,South Amana,Iowa,52334,0.0,,
777,South English,Iowa,52335,12.732919254658384,,
778,Springville,Iowa,52336,5.32319391634981,,
779,Stanwood,Iowa,52337,5.663430420711974,,
780,Swisher,Iowa,52338,0.3623188405797101,,
781,Tama,Iowa,52339,16.636363636363637,,
782,Tiffin,Iowa,52340,6.465067778936392,,
783,Toddville,Iowa,52341,4.033092037228542,,
784,Toledo,Iowa,52342,16.24115656721009,,
785,Urbana,Iowa,52345,5.202702702702703,,
786,Van Horne,Iowa,52346,9.653465346534654,,
787,Victor,Iowa,52347,6.0606060606060606,,
788,Vining,Iowa,52348,3.0303030303030303,,
789,Vinton,Iowa,52349,10.951550127499663,,
790,Walford,Iowa,52351,1.1619462599854755,,
791,Walker,Iowa,52352,8.35718374356039,,
792,Washington,Iowa,52353,11.740629039207239,,
793,Watkins,Iowa,52354,2.6785714285714284,,
794,Webster,Iowa,52355,10.033444816053512,,
795,Wellman,Iowa,52356,4.286798179059181,,
796,West Branch,Iowa,52358,6.422279056550156,,
797,West Chester,Iowa,52359,2.347417840375587,,
798,Williamsburg,Iowa,52361,11.891891891891891,,
799,Wyoming,Iowa,52362,8.869179600886918,,
800,Cedar Rapids,Iowa,52401,31.686859273066172,,
801,Cedar Rapids,Iowa,52402,8.82380907102786,,
802,Cedar Rapids,Iowa,52403,10.20055018191499,,
803,Cedar Rapids,Iowa,52404,13.38024538612228,,
804,Cedar Rapids,Iowa,52405,10.883783999361887,,
805,Cedar Rapids,Iowa,52411,1.543290609469003,,
806,Ottumwa,Iowa,52501,17.588159935270713,,
807,Agency,Iowa,52530,7.66961651917404,,
808,Albia,Iowa,52531,12.065508021390377,,
809,Batavia,Iowa,52533,8.964264082374319,,
810,Beacon,Iowa,52534,17.01388888888889,,
811,Birmingham,Iowa,52535,16.466234967622572,,
812,Blakesburg,Iowa,52536,12.759924385633273,,
813,Bloomfield,Iowa,52537,12.086251888476855,,
814,Brighton,Iowa,52540,14.25,,
815,Cantril,Iowa,52542,9.887640449438203,,
816,Cedar,Iowa,52543,7.774798927613943,,
817,Centerville,Iowa,52544,17.912923289564613,,
818,Chillicothe,Iowa,52548,16.831683168316832,,
819,Cincinnati,Iowa,52549,20.21276595744681,,
820,Delta,Iowa,52550,28.606965174129357,,
821,Douds,Iowa,52551,2.0270270270270268,,
822,Drakesville,Iowa,52552,6.148491879350347,,
823,Eddyville,Iowa,52553,11.633543383422198,,
824,Eldon,Iowa,52554,16.241299303944313,,
825,Exline,Iowa,52555,8.839779005524862,,
826,Fairfield,Iowa,52556,14.537640782454062,,
827,Fairfield,Iowa,52557,0.0,,
828,Floris,Iowa,52560,38.730853391684896,,
829,Fremont,Iowa,52561,15.177610333692146,,
830,Hedrick,Iowa,52563,11.643835616438356,,
831,Keosauqua,Iowa,52565,15.220949263502455,,
832,Kirkville,Iowa,52566,1.6949152542372878,,
833,Libertyville,Iowa,52567,8.277703604806408,,
834,Melrose,Iowa,52569,8.89967637540453,,
835,Milton,Iowa,52570,7.4948665297741295,,
836,Moravia,Iowa,52571,5.395232120451693,,
837,Moulton,Iowa,52572,28.595600676818947,,
838,Mount Sterling,Iowa,52573,0.0,,
839,Mystic,Iowa,52574,17.258261933904528,,
840,Ollie,Iowa,52576,5.283757338551859,,
841,Oskaloosa,Iowa,52577,15.474404955983045,,
842,Packwood,Iowa,52580,12.522361359570661,,
843,Plano,Iowa,52581,2.166064981949458,,
844,Promise City,Iowa,52583,6.967213114754099,,
845,Pulaski,Iowa,52584,17.411764705882348,,
846,Richland,Iowa,52585,3.0784508440913605,,
847,Rose Hill,Iowa,52586,8.943089430894311,,
848,Selma,Iowa,52588,,,
849,Seymour,Iowa,52590,21.96581196581197,,
850,Sigourney,Iowa,52591,8.333333333333334,,
851,Udell,Iowa,52593,3.8461538461538463,,
852,Unionville,Iowa,52594,16.44295302013423,,
853,University Park,Iowa,52595,22.67573696145125,,
854,Burlington,Iowa,52601,17.329905741216795,,
855,Argyle,Iowa,52619,11.9672131147541,,
856,Bonaparte,Iowa,52620,16.161616161616163,,
857,Crawfordsville,Iowa,52621,12.297734627831714,,
858,Danville,Iowa,52623,4.5649072753209685,,
859,Denmark,Iowa,52624,21.825396825396822,,
860,Donnellson,Iowa,52625,7.900677200902934,,
861,Farmington,Iowa,52626,13.432835820895527,,
862,Fort Madison,Iowa,52627,14.527712724434036,,
863,Hillsboro,Iowa,52630,16.822429906542055,,
864,Keokuk,Iowa,52632,23.59375,,
865,Lockridge,Iowa,52635,22.45430809399478,,
866,Mediapolis,Iowa,52637,5.312868949232586,,
867,Middletown,Iowa,52638,6.368330464716007,,
868,Montrose,Iowa,52639,8.560311284046692,,
869,Morning Sun,Iowa,52640,6.640625,,
870,Mount Pleasant,Iowa,52641,11.492338441039307,,
871,Mount Union,Iowa,52644,12.5,,
872,New London,Iowa,52645,10.939907550077043,,
873,Oakville,Iowa,52646,15.714285714285715,,
874,Olds,Iowa,52647,1.1904761904761905,,
875,Salem,Iowa,52649,12.192513368983958,,
876,Sperry,Iowa,52650,2.9457364341085266,,
877,Stockport,Iowa,52651,19.974059662775613,,
878,Wapello,Iowa,52653,10.326086956521738,,
879,Wayland,Iowa,52654,11.841359773371105,,
880,West Burlington,Iowa,52655,13.627164380481224,,
881,West Point,Iowa,52656,2.443133951137321,,
882,Saint Paul,Iowa,52657,6.0606060606060606,,
883,Wever,Iowa,52658,4.123711340206185,,
884,Winfield,Iowa,52659,11.573111573111571,,
885,Yarmouth,Iowa,52660,0.0,,
886,Andover,Iowa,52701,0.0,,
887,Atalissa,Iowa,52720,2.883506343713956,,
888,Bennett,Iowa,52721,3.407601572739188,,
889,Bettendorf,Iowa,52722,5.130235351935784,,
890,Blue Grass,Iowa,52726,3.3202357563850686,,
891,Bryant,Iowa,52727,2.54957507082153,,
892,Buffalo,Iowa,52728,4.744186046511628,,
893,Calamus,Iowa,52729,5.421686746987952,,
894,Camanche,Iowa,52730,11.503697617091207,,
895,Charlotte,Iowa,52731,6.849315068493151,,
896,Clinton,Iowa,52732,14.900650089984207,,
897,Columbus City,Iowa,52737,7.838983050847457,,
898,Columbus Junction,Iowa,52738,10.754966887417217,,
899,Conesville,Iowa,52739,17.536231884057973,,
900,De Witt,Iowa,52742,10.905139350549732,,
901,Dixon,Iowa,52745,7.462686567164179,,
902,Donahue,Iowa,52746,3.1779661016949152,,
903,Durant,Iowa,52747,6.406970784213224,,
904,Eldridge,Iowa,52748,6.811509101585437,,
905,Fruitland,Iowa,52749,5.814905814905815,,
906,Goose Lake,Iowa,52750,4.036697247706422,,
907,Grand Mound,Iowa,52751,2.914572864321608,,
908,Grandview,Iowa,52752,12.577319587628866,,
909,Le Claire,Iowa,52753,3.901288332426057,,
910,Letts,Iowa,52754,4.0462427745664735,,
911,Lone Tree,Iowa,52755,2.844744455159113,,
912,Long Grove,Iowa,52756,2.6364477335800185,,
913,Low Moor,Iowa,52757,20.54794520547945,,
914,Mc Causland,Iowa,52758,7.441860465116278,,
915,Moscow,Iowa,52760,6.9478908188585615,,
916,Muscatine,Iowa,52761,13.032466037301404,,
917,New Liberty,Iowa,52765,7.106598984771575,,
918,Nichols,Iowa,52766,2.4277456647398843,,
919,Pleasant Valley,Iowa,52767,0.0,,
920,Princeton,Iowa,52768,7.766367137355584,,
921,Stockton,Iowa,52769,3.81791483113069,,
922,Tipton,Iowa,52772,3.9967865033139183,,
923,Walcott,Iowa,52773,6.858890345128878,,
924,Welton,Iowa,52774,7.894736842105262,,
925,West Liberty,Iowa,52776,1.997087580611608,,
926,Wheatland,Iowa,52777,11.917098445595856,,
927,Wilton,Iowa,52778,6.1844161643223945,,
928,Davenport,Iowa,52801,23.240115718418522,,
929,Davenport,Iowa,52802,23.41592585587289,,
930,Davenport,Iowa,52803,18.818285114937503,,
931,Davenport,Iowa,52804,14.236656559383334,,
932,Davenport,Iowa,52806,18.320365479334715,,
933,Davenport,Iowa,52807,7.514840798704803,,
