Date,County,Sale (Dollars),Volume Sold (Gallons)
2019,Adair,"52,457.91","1,026.55"
2019,ADAIR,"62,661.65","1,180.17"
2019,ADAMS,"5,047.48",63.66
2019,ALLAMAKEE,"192,454.20","3,878.30"
2019,APPANOOSE,"284,708.52","4,817.37"
2019,AUDUBON,"41,512.65",877.61
2019,BENTON,"214,361.72","4,441.20"
2019,Black Hawk,"123,001.62","2,312.38"
2019,BLACK HAWK,"3,959,041.33","66,475.68"
2019,Boone,"89,383.32","1,814.46"
2019,BOONE,"458,689.82","8,776.87"
2019,BREMER,"430,588.98","8,732.40"
2019,BUCHANAN,"244,517.28","4,823.53"
2019,BUENA VIST,"412,233.83","7,209.41"
2019,Butler,"7,124.39",153.19
2019,BUTLER,"84,545.11","1,814.62"
2019,CALHOUN,"86,214.49","1,881.84"
2019,CARROLL,"610,348.05","11,129.70"
2019,CASS,"271,985.46","5,095.42"
2019,CEDAR,"132,973.41","2,638.48"
2019,Cerro Gord,"402,563.16","7,482.27"
2019,CERRO GORD,"1,052,880.22","19,526.81"
2019,CHEROKEE,"170,511.26","3,324.69"
2019,CHICKASAW,"129,605.90","2,640.70"
2019,CLARKE,"206,873.49","4,150.01"
2019,CLAY,"347,910.43","7,017.61"
2019,Clayton,"36,690.63",678.63
2019,CLAYTON,"125,192.20","2,462.13"
2019,CLINTON,"916,289.61","17,269.29"
2019,CRAWFORD,"278,662.91","5,069.20"
2019,Dallas,"727,483.56","13,652.45"
2019,DALLAS,"791,609.00","13,076.25"
2019,DAVIS,"27,207.05",601.74
2019,DECATUR,"43,011.52",756.2
2019,Delaware,"88,310.39","1,589.36"
2019,DELAWARE,"125,270.31","2,864.89"
2019,Des Moines,"51,886.36",754.37
2019,DES MOINES,"750,780.63","12,967.04"
2019,DICKINSON,"753,495.10","14,180.06"
2019,DUBUQUE,"2,296,892.61","41,071.26"
2019,EMMET,"151,872.47","3,056.66"
2019,Fayette,"27,384.63",499.61
2019,FAYETTE,"267,719.55","5,885.47"
2019,FLOYD,"258,896.75","5,185.01"
2019,FRANKLIN,"114,760.04","2,335.83"
2019,FREMONT,"15,935.26",353.53
2019,GREENE,"138,228.28","2,741.65"
2019,GRUNDY,"81,472.68","1,846.90"
2019,GUTHRIE,"67,136.52","1,363.72"
2019,HAMILTON,"214,383.80","4,066.80"
2019,Hancock,"13,709.10",239.66
2019,HANCOCK,"85,895.26","1,909.37"
2019,Hardin,"105,859.02","2,225.02"
2019,HARDIN,"300,833.30","6,268.91"
2019,HARRISON,"138,562.90","2,545.09"
2019,Henry,"64,357.50","1,306.60"
2019,HENRY,"205,207.29","3,638.58"
2019,HOWARD,"187,763.72","3,808.25"
2019,HUMBOLDT,"176,744.72","3,471.90"
2019,IDA,"147,998.51","2,740.73"
2019,Iowa,"108,847.65","1,810.02"
2019,IOWA,"154,821.08","3,376.19"
2019,Jackson,"6,345.39",119.91
2019,JACKSON,"203,866.11","4,076.79"
2019,Jasper,"4,665.90",93.25
2019,JASPER,"404,041.70","7,742.63"
2019,JEFFERSON,"225,331.65","3,833.69"
2019,JOHNSON,"4,112,232.85","68,363.26"
2019,JONES,"303,045.53","5,961.40"
2019,KEOKUK,"38,445.29",862.54
2019,Kossuth,"26,598.54",553.93
2019,KOSSUTH,"425,970.74","7,916.43"
2019,LEE,"814,127.14","14,029.19"
2019,Linn,"88,408.16","2,039.17"
2019,LINN,"6,076,447.56","108,203.02"
2019,LOUISA,"50,663.67",908.8
2019,LUCAS,"118,247.01","2,203.02"
2019,LYON,"181,140.65","3,564.09"
2019,Madison,"5,441.98",90.96
2019,MADISON,"204,845.57","3,766.76"
2019,MAHASKA,"313,938.38","5,817.11"
2019,Marion,"25,692.86",447
2019,MARION,"451,937.97","8,248.37"
2019,Marshall,"5,674.26",111.82
2019,MARSHALL,"865,063.30","14,820.39"
2019,MILLS,"156,890.59","2,894.86"
2019,Mitchell,"31,271.59",634.45
2019,MITCHELL,"76,554.15","1,631.66"
2019,MONONA,"118,068.82","2,265.39"
2019,MONROE,"83,082.15","1,526.99"
2019,MONTGOMERY,"163,436.81","3,144.22"
2019,MUSCATINE,"799,458.89","14,495.76"
2019,OBRIEN,"372,571.48","7,510.36"
2019,OSCEOLA,"70,392.35","1,370.90"
2019,PAGE,"305,697.53","6,001.68"
2019,PALO ALTO,"164,917.46","3,177.52"
2019,Plymouth,"150,049.17","3,102.19"
2019,PLYMOUTH,"219,714.22","4,026.06"
2019,POCAHONTAS,"97,550.27","2,086.47"
2019,Polk,"1,733,005.15","29,589.01"
2019,POLK,"15,511,151.94","244,610.19"
2019,Pottawatta,"7,335.28",143.36
2019,POTTAWATTA,"2,605,519.13","44,709.27"
2019,Poweshiek,"12,123.16",251.79
2019,POWESHIEK,"355,141.55","6,577.83"
2019,RINGGOLD,"29,152.14",628.18
2019,SAC,"141,169.88","2,897.14"
2019,Scott,"33,366.31",563.37
2019,SCOTT,"5,123,441.06","86,548.55"
2019,SHELBY,"217,214.78","4,039.81"
2019,SIOUX,"528,444.24","9,887.89"
2019,STORY,"2,258,591.30","40,948.75"
2019,TAMA,"207,263.30","4,067.68"
2019,TAYLOR,"29,334.48",559
2019,UNION,"278,461.66","4,956.48"
2019,VAN BUREN,"42,490.68",792.29
2019,Wapello,"211,943.14","3,823.29"
2019,WAPELLO,"566,590.69","9,605.69"
2019,WARREN,"660,335.09","11,876.05"
2019,WASHINGTON,"366,231.01","6,239.51"
2019,WAYNE,"36,670.97",706.35
2019,Webster,"67,855.10","1,202.05"
2019,WEBSTER,"799,419.85","14,660.51"
2019,WINNEBAGO,"178,758.73","3,746.49"
2019,WINNESHIEK,"324,387.27","6,150.65"
2019,WOODBURY,"2,596,216.00","43,917.64"
2019,WORTH,"73,576.01","1,543.17"
2019,WRIGHT,"205,973.63","4,338.26"
2019,,"13,062.63",206.51
2018,Adair,"246,431.80","4,916.45"
2018,ADAIR,"235,301.43","4,615.89"
2018,ADAMS,"57,235.57","1,075.62"
2018,ALLAMAKEE,"882,149.45","18,251.30"
2018,APPANOOSE,"896,239.71","16,580.88"
2018,AUDUBON,"183,616.27","3,871.03"
2018,BENTON,"949,392.35","19,612.14"
2018,Black Hawk,"539,745.63","10,401.67"
2018,BLACK HAWK,"18,209,959.84","302,261.10"
2018,Boone,"285,391.83","5,950.51"
2018,BOONE,"1,843,118.85","34,876.53"
2018,BREMER,"2,115,115.17","41,940.46"
2018,Buchanan,"121,646.30","2,395.78"
2018,BUCHANAN,"1,141,654.59","22,140.02"
2018,BUENA VIST,"1,975,785.97","35,652.65"
2018,Butler,"27,860.76",612.9945108
2018,BUTLER,"328,218.63","7,401.50"
2018,CALHOUN,"386,399.57","8,531.45"
2018,CARROLL,"2,747,696.39","48,829.02"
2018,CASS,"1,365,312.95","25,641.08"
2018,CEDAR,"592,725.90","12,262.06"
2018,Cerro Gord,"1,817,553.26","34,044.44"
2018,CERRO GORD,"5,204,024.59","94,864.88"
2018,CHEROKEE,"743,442.23","14,792.41"
2018,CHICKASAW,"417,514.12","9,152.40"
2018,CLARKE,"715,966.93","13,158.64"
2018,CLAY,"1,704,705.60","34,158.85"
2018,Clayton,"118,704.47","2,268.22"
2018,CLAYTON,"658,507.62","13,090.31"
2018,CLINTON,"3,982,626.88","74,462.23"
2018,CRAWFORD,"1,436,321.35","26,431.20"
2018,Dallas,"2,879,272.52","52,246.81"
2018,DALLAS,"3,809,454.83","61,340.74"
2018,DAVIS,"110,755.48","2,391.14"
2018,DECATUR,"163,444.45","3,029.51"
2018,Delaware,"514,697.19","9,510.09"
2018,DELAWARE,"654,737.73","13,063.81"
2018,Des Moines,"220,424.77","3,583.31"
2018,DES MOINES,"3,511,697.85","61,364.48"
2018,Dickinson,"46,983.54",713.3419369
2018,DICKINSON,"4,309,399.72","79,263.99"
2018,DUBUQUE,"10,703,548.98","187,506.62"
2018,EL PASO,31.14,2.36
2018,EMMET,"772,583.39","15,259.47"
2018,Fayette,"96,316.59","1,787.38"
2018,FAYETTE,"1,152,129.47","23,935.79"
2018,FLOYD,"1,299,898.60","24,806.08"
2018,FRANKLIN,"483,913.91","10,064.52"
2018,FREMONT,"55,781.32","1,252.52"
2018,GREENE,"667,163.79","11,923.30"
2018,GRUNDY,"349,179.86","7,937.41"
2018,GUTHRIE,"319,560.40","6,531.57"
2018,HAMILTON,"971,724.40","18,815.79"
2018,Hancock,"36,535.86",659.3328416
2018,HANCOCK,"351,857.42","8,067.62"
2018,Hardin,"544,887.93","10,975.02"
2018,HARDIN,"1,471,743.35","29,203.03"
2018,Harrison,"11,712.58",239.8998766
2018,HARRISON,"612,504.74","11,614.12"
2018,Henry,"316,533.01","6,125.38"
2018,HENRY,"964,306.74","16,481.06"
2018,HOWARD,"789,728.76","16,309.49"
2018,HUMBOLDT,"917,226.78","18,417.40"
2018,IDA,"633,523.23","11,921.43"
2018,Iowa,"553,632.76","9,380.35"
2018,IOWA,"678,323.82","14,851.89"
2018,Jackson,"33,231.41",649.9432521
2018,JACKSON,"1,171,737.71","23,513.69"
2018,Jasper,"14,767.91",286.6452384
2018,JASPER,"1,818,126.73","36,115.76"
2018,JEFFERSON,"1,016,885.49","17,486.46"
2018,JOHNSON,"20,051,209.29","324,254.62"
2018,JONES,"1,400,768.68","28,295.52"
2018,KEOKUK,"165,268.52","3,854.21"
2018,Kossuth,"129,460.58","2,857.21"
2018,KOSSUTH,"1,713,789.26","32,578.47"
2018,LEE,"3,700,522.98","65,074.02"
2018,Linn,"497,716.52","10,436.75"
2018,LINN,"28,827,867.40","503,314.42"
2018,LOUISA,"272,038.62","5,040.43"
2018,LUCAS,"518,444.27","9,467.21"
2018,LYON,"754,939.20","14,686.36"
2018,Madison,"30,104.28",568.636592
2018,MADISON,"885,301.18","17,534.75"
2018,MAHASKA,"1,270,903.88","23,653.35"
2018,Marion,"127,887.49","2,236.81"
2018,MARION,"2,249,837.92","40,902.20"
2018,Marshall,"23,633.58",523.0854792
2018,MARSHALL,"3,578,068.67","60,645.89"
2018,MILLS,"589,629.99","11,359.34"
2018,Mitchell,"157,221.92","3,370.29"
2018,MITCHELL,"323,284.76","6,693.86"
2018,MONONA,"551,359.02","10,435.58"
2018,MONROE,"395,196.45","7,591.20"
2018,MONTGOMERY,"762,837.52","14,502.45"
2018,MUSCATINE,"3,892,254.72","68,271.04"
2018,OBRIEN,"1,332,946.77","27,376.00"
2018,OSCEOLA,"261,021.43","5,272.74"
2018,PAGE,"1,333,666.20","24,811.95"
2018,PALO ALTO,"662,962.77","13,641.54"
2018,Plymouth,"837,636.06","15,520.25"
2018,PLYMOUTH,"935,968.36","17,313.55"
2018,POCAHONTAS,"368,312.40","8,237.17"
2018,Polk,"8,665,404.95","145,414.31"
2018,POLK,"69,631,676.81","1,089,605.60"
2018,Pottawatta,"61,222.72","1,062.79"
2018,POTTAWATTA,"11,704,563.97","200,696.43"
2018,Poweshiek,"42,038.60",910.238648
2018,POWESHIEK,"1,625,522.37","29,486.90"
2018,RINGGOLD,"140,642.54","2,945.59"
2018,SAC,"542,366.09","11,551.78"
2018,Scott,"379,343.67","4,601.49"
2018,SCOTT,"23,870,243.56","388,676.58"
2018,SHELBY,"1,022,665.39","18,166.48"
2018,SIOUX,"1,979,705.67","37,028.94"
2018,STORY,"9,840,369.69","177,000.33"
2018,TAMA,"807,730.91","15,902.07"
2018,TAYLOR,"124,361.76","2,317.69"
2018,UNION,"1,109,250.13","20,623.60"
2018,VAN BUREN,"197,955.60","3,650.31"
2018,Wapello,"865,288.13","14,753.83"
2018,WAPELLO,"2,285,121.86","40,083.48"
2018,WARREN,"2,953,745.49","54,556.70"
2018,WASHINGTON,"1,905,697.17","33,003.82"
2018,WAYNE,"137,487.59","2,719.40"
2018,Webster,"254,438.95","4,314.42"
2018,WEBSTER,"3,414,173.72","62,127.50"
2018,WINNEBAGO,"758,434.11","16,236.69"
2018,WINNESHIEK,"1,376,420.90","25,919.93"
2018,WOODBURY,"11,484,179.72","192,921.08"
2018,WORTH,"285,890.22","6,083.20"
2018,WRIGHT,"764,098.98","15,917.06"
2018,,"424,408.94","7,353.72"
2017,Adair,"245,515.50","4,950.33"
2017,ADAIR,"216,043.34","4,451.65"
2017,ADAMS,"87,132.37","1,576.56"
2017,ALLAMAKEE,"904,283.85","19,041.58"
2017,APPANOOSE,"945,139.22","17,566.34"
2017,AUDUBON,"129,025.22","3,110.78"
2017,BENTON,"853,594.13","18,426.32"
2017,Black Hawk,"522,921.01","10,039.75"
2017,BLACK HAWK,"16,715,903.26","285,524.97"
2017,Boone,"278,426.46","6,169.33"
2017,BOONE,"1,748,286.32","33,431.51"
2017,BREMER,"1,892,456.29","38,347.93"
2017,Buchanan,"229,918.08","4,567.28"
2017,BUCHANAN,"1,091,759.78","21,869.79"
2017,BUENA VIST,"1,938,550.65","35,487.32"
2017,Butler,"24,513.73",594.0237635
2017,BUTLER,"284,790.37","6,651.48"
2017,CALHOUN,"346,174.81","7,686.87"
2017,CARROLL,"2,478,756.75","47,814.70"
2017,CASS,"779,014.10","15,393.72"
2017,CEDAR,"600,488.82","12,463.05"
2017,Cerro Gord,"1,843,169.65","35,199.98"
2017,CERRO GORD,"4,708,379.25","89,496.31"
2017,CHEROKEE,"760,370.44","15,364.61"
2017,CHICKASAW,"368,397.81","8,116.00"
2017,CLARKE,"590,767.85","11,501.16"
2017,CLAY,"1,580,490.75","32,714.39"
2017,Clayton,"100,075.17","1,982.21"
2017,CLAYTON,"626,556.15","12,523.70"
2017,CLINTON,"3,707,478.50","70,756.85"
2017,CRAWFORD,"1,335,303.11","25,258.35"
2017,Dallas,"3,437,969.39","59,146.36"
2017,DALLAS,"3,273,603.82","55,746.71"
2017,DAVIS,"105,289.65","2,178.08"
2017,DECATUR,"176,982.55","3,258.44"
2017,Delaware,"490,051.22","9,216.12"
2017,DELAWARE,"545,430.43","11,834.03"
2017,Des Moines,"218,493.26","3,478.10"
2017,DES MOINES,"3,344,496.21","60,250.90"
2017,Dickinson,"113,000.11","1,667.49"
2017,DICKINSON,"4,076,081.28","77,234.97"
2017,DUBUQUE,"9,572,279.19","171,025.05"
2017,EMMET,"416,399.98","8,798.44"
2017,Fayette,"93,720.15","1,765.22"
2017,FAYETTE,"1,165,114.10","25,334.95"
2017,FLOYD,"1,282,949.09","24,742.38"
2017,FRANKLIN,"498,509.95","10,496.13"
2017,FREMONT,"48,988.59","1,023.94"
2017,GREENE,"584,419.28","11,507.94"
2017,GRUNDY,"351,470.33","8,071.90"
2017,GUTHRIE,"288,468.26","5,890.20"
2017,HAMILTON,"963,995.33","19,092.94"
2017,Hancock,"36,101.12",590.5829232
2017,HANCOCK,"346,503.92","8,149.90"
2017,Hardin,"498,458.76","10,276.65"
2017,HARDIN,"1,343,796.90","26,781.72"
2017,Harrison,"25,408.05",502.0654903
2017,HARRISON,"318,095.60","6,101.70"
2017,Henry,"293,449.22","5,802.37"
2017,HENRY,"906,804.72","16,903.60"
2017,HOWARD,"718,058.50","15,364.65"
2017,HUMBOLDT,"739,820.18","15,038.86"
2017,IDA,"652,308.07","12,182.63"
2017,Iowa,"548,296.17","9,312.50"
2017,IOWA,"631,937.50","13,881.06"
2017,Jackson,"23,584.46",452.2360468
2017,JACKSON,"1,238,956.34","25,265.85"
2017,Jasper,"16,102.59",302.5744798
2017,JASPER,"1,823,809.02","35,856.92"
2017,JEFFERSON,"984,324.83","16,848.82"
2017,JOHNSON,"19,301,290.45","320,315.29"
2017,JONES,"1,310,045.51","27,244.05"
2017,KEOKUK,"156,906.79","3,682.06"
2017,Kossuth,"130,184.21","3,088.57"
2017,KOSSUTH,"1,613,321.96","32,182.09"
2017,LEE,"3,487,019.16","63,060.43"
2017,Linn,"404,625.62","8,840.83"
2017,LINN,"26,933,580.63","478,926.29"
2017,LOUISA,"258,059.21","4,893.72"
2017,LUCAS,"502,100.30","9,391.00"
2017,LYON,"732,869.50","14,139.54"
2017,Madison,"28,169.14",587.7298656
2017,MADISON,"804,947.36","16,043.35"
2017,MAHASKA,"1,022,516.83","19,714.83"
2017,Marion,"133,360.31","2,332.06"
2017,MARION,"2,105,215.97","39,063.31"
2017,Marshall,"17,664.82",365.1913728
2017,MARSHALL,"3,328,400.20","59,241.49"
2017,MILLS,"531,135.92","10,496.79"
2017,Mitchell,"175,002.23","3,888.94"
2017,MITCHELL,"293,284.23","6,469.82"
2017,MONONA,"542,469.12","10,331.88"
2017,MONROE,"388,982.96","7,417.19"
2017,MONTGOMERY,"695,507.64","13,428.99"
2017,MUSCATINE,"3,344,143.97","61,299.27"
2017,OBRIEN,"1,312,516.70","26,846.74"
2017,OSCEOLA,"258,309.94","5,335.17"
2017,PAGE,"1,260,072.08","23,667.12"
2017,PALO ALTO,"647,203.00","13,425.07"
2017,Plymouth,"864,383.35","16,333.83"
2017,PLYMOUTH,"959,602.04","17,845.25"
2017,POCAHONTAS,"329,361.88","7,530.41"
2017,Polk,"5,560,948.18","92,489.05"
2017,POLK,"64,963,323.33","1,042,932.61"
2017,Pottawatta,"47,599.04",905.4810268
2017,POTTAWATTA,"10,903,637.70","188,669.61"
2017,Poweshiek,"40,660.14",812.4807989
2017,POWESHIEK,"1,512,021.07","28,382.03"
2017,RINGGOLD,"164,542.28","3,273.04"
2017,SAC,"563,398.61","11,978.34"
2017,Scott,"462,131.79","5,213.44"
2017,SCOTT,"21,548,017.05","361,537.44"
2017,SHELBY,"953,077.34","18,039.63"
2017,SIOUX,"1,847,519.07","35,141.29"
2017,STORY,"9,275,146.20","170,678.73"
2017,TAMA,"733,616.68","14,901.94"
2017,TAYLOR,"111,021.67","2,235.79"
2017,UNION,"1,018,466.88","19,286.36"
2017,VAN BUREN,"184,563.25","3,476.93"
2017,Wapello,"124,547.27","2,398.16"
2017,WAPELLO,"2,098,430.59","38,358.16"
2017,WARREN,"2,760,209.73","52,551.67"
2017,WASHINGTON,"1,713,420.63","30,741.89"
2017,WAYNE,"117,187.62","2,398.93"
2017,Webster,"287,305.08","5,063.87"
2017,WEBSTER,"3,143,077.13","59,242.84"
2017,WINNEBAGO,"767,617.91","16,593.48"
2017,WINNESHIEK,"1,407,644.57","26,860.41"
2017,WOODBURY,"10,911,022.45","187,517.59"
2017,WORTH,"266,047.84","5,757.13"
2017,WRIGHT,"761,075.24","16,210.35"
2017,,"6,283,304.58","112,596.67"
2016,Adair,"368,294.80","7,649.16"
2016,ADAIR,"76,221.95","1,536.69"
2016,Adams,"55,831.00","1,115.55"
2016,ADAMS,"31,758.49",589.9687233
2016,Allamakee,"547,948.24","11,687.12"
2016,ALLAMAKEE,"326,835.10","6,771.48"
2016,Appanoose,"536,705.58","10,872.50"
2016,APPANOOSE,"337,522.17","5,859.81"
2016,Audubon,"95,570.27","2,281.46"
2016,AUDUBON,"54,389.96","1,256.06"
2016,Benton,"459,826.83","10,268.41"
2016,BENTON,"327,859.98","6,554.12"
2016,Black Hawk,"10,403,639.80","186,977.74"
2016,BLACK HAWK,"6,194,148.27","104,670.77"
2016,Boone,"1,148,332.31","23,901.91"
2016,BOONE,"622,705.52","11,507.72"
2016,Bremer,"1,066,988.13","22,090.77"
2016,BREMER,"736,752.12","14,387.43"
2016,Buchanan,"937,626.99","19,145.12"
2016,BUCHANAN,"380,594.95","7,409.61"
2016,BUENA VIST,"837,288.84","14,257.23"
2016,Buena Vista,"1,132,299.13","21,649.85"
2016,Butler,"203,760.08","4,877.70"
2016,BUTLER,"102,965.48","2,371.26"
2016,Calhoun,"216,332.65","4,853.11"
2016,CALHOUN,"116,278.10","2,523.11"
2016,Carroll,"1,467,033.71","28,916.46"
2016,CARROLL,"987,149.99","17,897.15"
2016,Cass,"746,618.79","15,434.36"
2016,CASS,"217,768.20","4,129.26"
2016,Cedar,"329,901.87","6,943.35"
2016,CEDAR,"200,717.10","4,047.80"
2016,Cerro Gord,"573,926.74","10,866.00"
2016,CERRO GORD,"1,665,313.55","31,735.44"
2016,Cerro Gordo,"3,617,023.05","72,739.31"
2016,Cherokee,"465,743.32","9,893.61"
2016,CHEROKEE,"264,832.08","5,186.33"
2016,Chickasaw,"220,079.72","5,007.97"
2016,CHICKASAW,"131,589.84","2,869.37"
2016,Clarke,"350,643.44","7,136.32"
2016,CLARKE,"278,795.83","4,914.73"
2016,Clay,"951,723.57","20,376.73"
2016,CLAY,"591,109.03","11,438.25"
2016,Clayton,"486,991.64","9,831.40"
2016,CLAYTON,"205,153.42","4,018.20"
2016,Clinton,"2,060,709.18","41,146.51"
2016,CLINTON,"1,307,126.90","24,124.42"
2016,Crawford,"807,273.41","16,431.77"
2016,CRAWFORD,"536,382.73","9,873.55"
2016,Dallas,"4,767,420.37","74,681.35"
2016,DALLAS,"1,183,227.94","18,654.07"
2016,Davis,"63,261.10","1,397.80"
2016,DAVIS,"40,491.32",803.933141
2016,Decatur,"95,336.09","1,828.73"
2016,DECATUR,"71,552.72","1,290.67"
2016,Delaware,"796,045.32","16,058.35"
2016,DELAWARE,"185,723.60","3,632.70"
2016,Des Moines,"2,479,630.89","43,397.17"
2016,DES MOINES,"1,335,181.74","22,441.99"
2016,Dickinson,"3,115,970.15","59,321.03"
2016,DICKINSON,"1,050,288.81","19,071.81"
2016,Dubuque,"5,288,377.53","98,275.73"
2016,DUBUQUE,"3,354,950.09","59,240.30"
2016,Emmet,"388,355.62","8,491.03"
2016,EMMET,"119,215.21","2,238.20"
2016,Fayette,"883,924.46","19,919.69"
2016,FAYETTE,"447,334.13","9,819.33"
2016,Floyd,"782,837.10","15,600.63"
2016,FLOYD,"460,605.23","8,674.27"
2016,Franklin,"169,689.22","3,458.55"
2016,FRANKLIN,"194,733.27","4,051.78"
2016,Fremont,"16,354.00",307.2188883
2016,FREMONT,"11,672.76",217.6314979
2016,Greene,"347,194.23","6,934.67"
2016,GREENE,"201,145.25","3,760.26"
2016,Grundy,"222,924.15","4,996.33"
2016,GRUNDY,"131,409.11","2,851.17"
2016,Guthrie,"201,318.27","3,975.65"
2016,GUTHRIE,"88,284.12","1,749.50"
2016,Hamilton,"519,334.35","11,007.52"
2016,HAMILTON,"334,188.62","6,711.62"
2016,Hancock,"211,570.16","4,989.59"
2016,HANCOCK,"124,483.89","2,885.04"
2016,Hardin,"1,367,264.87","28,564.01"
2016,HARDIN,"499,494.94","9,764.46"
2016,Harrison,"247,032.53","5,072.96"
2016,HARRISON,"50,852.45","1,054.84"
2016,Henry,"814,305.88","15,519.17"
2016,HENRY,"336,490.76","5,739.88"
2016,Howard,"214,136.63","4,932.20"
2016,HOWARD,"247,161.96","5,220.07"
2016,Humboldt,"420,786.60","9,203.14"
2016,HUMBOLDT,"224,207.37","4,407.76"
2016,Ida,"392,754.89","7,686.27"
2016,IDA,"224,405.31","4,208.03"
2016,Iowa,"843,327.58","16,721.59"
2016,IOWA,"233,363.48","5,041.88"
2016,Jackson,"831,409.06","16,923.87"
2016,JACKSON,"432,065.43","8,349.21"
2016,Jasper,"1,042,296.23","22,077.60"
2016,JASPER,"587,251.70","11,907.73"
2016,Jefferson,"566,856.42","10,376.68"
2016,JEFFERSON,"384,852.03","6,512.54"
2016,Johnson,"10,509,392.26","180,325.72"
2016,JOHNSON,"6,915,963.15","109,783.91"
2016,Jones,"513,555.82","11,486.55"
2016,JONES,"433,334.41","8,721.03"
2016,Keokuk,"59,313.39","1,439.14"
2016,KEOKUK,"65,629.40","1,452.01"
2016,Kossuth,"1,002,990.02","20,644.08"
2016,KOSSUTH,"585,317.66","11,439.91"
2016,Lee,"2,249,988.08","40,767.06"
2016,LEE,"1,365,985.13","23,378.94"
2016,Linn,"15,781,039.10","294,649.11"
2016,LINN,"9,263,742.34","160,412.09"
2016,Louisa,"103,403.45","1,998.36"
2016,LOUISA,"83,720.84","1,550.85"
2016,Lucas,"255,276.01","5,206.41"
2016,LUCAS,"183,619.01","3,313.87"
2016,Lyon,"436,467.11","8,807.55"
2016,LYON,"280,532.65","5,180.51"
2016,Madison,"517,419.29","10,658.87"
2016,MADISON,"296,897.80","5,682.34"
2016,Mahaska,"586,877.41","11,918.84"
2016,MAHASKA,"389,767.70","7,133.74"
2016,Marion,"1,352,656.95","25,986.38"
2016,MARION,"765,128.89","13,313.74"
2016,Marshall,"1,976,168.46","36,195.14"
2016,MARSHALL,"1,158,029.06","19,741.37"
2016,Mills,"276,250.82","5,552.03"
2016,MILLS,"122,243.63","2,474.91"
2016,Mitchell,"360,804.27","7,968.15"
2016,MITCHELL,"107,815.47","2,328.40"
2016,Monona,"358,477.73","6,907.60"
2016,MONONA,"189,110.49","3,475.32"
2016,Monroe,"214,877.72","4,289.20"
2016,MONROE,"120,917.49","2,185.95"
2016,Montgomery,"423,700.16","8,312.02"
2016,MONTGOMERY,"251,911.76","4,713.53"
2016,Muscatine,"1,933,564.21","37,574.12"
2016,MUSCATINE,"1,113,475.33","19,520.65"
2016,O'Brien,"767,344.22","16,691.98"
2016,OBRIEN,"502,643.04","10,003.41"
2016,Osceola,"152,391.47","3,176.30"
2016,OSCEOLA,"96,960.72","1,998.98"
2016,Page,"587,052.97","11,628.54"
2016,PAGE,"466,429.99","8,586.42"
2016,Palo Alto,"407,725.73","8,666.05"
2016,PALO ALTO,"214,726.36","4,341.32"
2016,Plymouth,"1,397,278.30","26,673.06"
2016,PLYMOUTH,"288,126.27","5,275.89"
2016,Pocahontas,"226,751.11","5,282.57"
2016,POCAHONTAS,"125,129.82","2,810.22"
2016,Polk,"42,911,540.24","730,129.23"
2016,POLK,"22,937,488.54","359,647.73"
2016,Pottawatta,"15,534.19",293.1972847
2016,POTTAWATTA,"3,871,143.34","64,967.65"
2016,Pottawattamie,"6,161,083.55","110,493.76"
2016,Poweshiek,"886,995.59","17,039.83"
2016,POWESHIEK,"533,088.50","9,732.89"
2016,Ringgold,"102,286.10","2,227.74"
2016,RINGGOLD,"52,951.50","1,090.33"
2016,Sac,"360,912.34","7,863.64"
2016,SAC,"202,900.49","4,144.16"
2016,Scott,"12,820,801.77","219,739.67"
2016,SCOTT,"7,828,843.47","129,430.62"
2016,Shelby,"203,732.92","4,602.76"
2016,SHELBY,"339,120.68","6,116.43"
2016,Sioux,"891,128.63","18,070.40"
2016,SIOUX,"688,909.20","12,511.13"
2016,Story,"5,440,331.30","102,393.63"
2016,STORY,"3,445,033.87","60,349.99"
2016,Tama,"436,067.65","9,363.64"
2016,TAMA,"254,077.18","4,870.12"
2016,Taylor,"81,798.32","1,671.61"
2016,TAYLOR,"45,185.32",879.1132097
2016,Union,"640,171.02","12,659.12"
2016,UNION,"416,803.65","7,472.91"
2016,Van Buren,"130,100.22","2,492.75"
2016,VAN BUREN,"74,613.00","1,337.75"
2016,Wapello,"1,487,647.18","28,612.15"
2016,WAPELLO,"735,947.88","13,388.24"
2016,Warren,"1,372,909.26","28,162.07"
2016,WARREN,"977,479.32","17,486.42"
2016,Washington,"982,278.00","17,943.50"
2016,WASHINGTON,"597,625.79","10,168.90"
2016,Wayne,"60,195.84","1,263.61"
2016,WAYNE,"40,990.83",805.7117066
2016,Webster,"2,180,755.05","41,465.83"
2016,WEBSTER,"1,097,776.56","19,847.18"
2016,Winnebago,"506,713.78","10,928.32"
2016,WINNEBAGO,"260,506.37","5,606.83"
2016,Winneshiek,"847,301.70","17,029.39"
2016,WINNESHIEK,"516,878.41","10,086.81"
2016,Woodbury,"5,922,182.09","105,314.16"
2016,WOODBURY,"3,925,722.87","64,578.12"
2016,Worth,"153,075.86","3,473.49"
2016,WORTH,"84,026.54","1,852.42"
2016,Wright,"368,186.36","7,810.02"
2016,WRIGHT,"259,646.32","5,506.06"
2016,,"12,032,721.00","204,009.36"
2015,Adair,"424,750.82","8,970.71"
2015,Adams,"100,596.80","1,994.06"
2015,Allamakee,"823,579.28","17,493.90"
2015,Appanoose,"835,381.93","16,251.67"
2015,Audubon,"173,849.23","3,924.64"
2015,Benton,"726,075.75","15,685.86"
2015,Black Hawk,"16,064,552.82","285,577.56"
2015,Boone,"1,751,063.03","36,221.04"
2015,Bremer,"1,794,322.78","37,046.70"
2015,Buchanan,"1,297,984.66","26,600.66"
2015,Buena Vista,"1,802,902.99","34,332.97"
2015,Butler,"283,132.74","6,759.61"
2015,Calhoun,"322,593.15","7,421.55"
2015,Carroll,"2,341,824.75","45,989.59"
2015,Cass,"1,142,073.39","22,643.81"
2015,Cedar,"528,595.64","11,206.97"
2015,Cerro Gordo,"5,751,979.57","116,445.68"
2015,Cherokee,"743,338.94","15,310.10"
2015,Chickasaw,"379,533.89","8,870.00"
2015,Clarke,"665,423.91","12,772.58"
2015,Clay,"1,571,856.45","33,530.62"
2015,Clayton,"702,285.61","14,093.80"
2015,Clinton,"3,401,524.70","67,635.61"
2015,Crawford,"1,265,170.37","24,842.03"
2015,Dallas,"5,562,538.96","85,584.98"
2015,Davis,"96,185.96","2,114.43"
2015,Decatur,"177,470.88","3,260.52"
2015,Delaware,"871,470.79","17,570.09"
2015,Des Moines,"3,852,786.75","67,626.32"
2015,Dickinson,"3,967,311.85","76,519.02"
2015,Dubuque,"8,710,159.48","162,162.71"
2015,Emmet,"585,747.34","12,411.31"
2015,Fayette,"1,124,619.00","25,008.80"
2015,Floyd,"1,225,631.24","24,091.16"
2015,Franklin,"488,710.08","10,362.04"
2015,Fremont,"24,029.55",454.6136849
2015,Greene,"583,474.30","11,216.00"
2015,Grundy,"302,289.79","6,958.73"
2015,Guthrie,"295,573.47","6,125.77"
2015,Hamilton,"850,165.60","18,187.72"
2015,Hancock,"308,398.74","7,487.39"
2015,Hardin,"1,820,394.05","37,941.72"
2015,Harrison,"507,430.90","10,184.74"
2015,Henry,"1,083,269.58","20,742.36"
2015,Howard,"710,520.03","15,354.03"
2015,Humboldt,"648,738.09","13,854.83"
2015,Ida,"547,270.83","10,597.13"
2015,Iowa,"1,064,852.78","22,613.11"
2015,Jackson,"1,207,416.17","25,039.43"
2015,Jasper,"1,671,867.55","34,996.07"
2015,Jefferson,"863,813.42","15,948.97"
2015,Johnson,"17,673,297.64","293,651.22"
2015,Jones,"1,015,238.25","22,195.04"
2015,Keokuk,"149,560.78","3,441.26"
2015,Kossuth,"1,769,012.89","36,075.00"
2015,Lee,"3,876,840.25","69,792.96"
2015,Linn,"24,989,946.22","461,054.50"
2015,Louisa,"232,427.95","4,370.55"
2015,Lucas,"415,069.06","7,967.83"
2015,Lyon,"788,587.32","15,176.26"
2015,Madison,"766,306.28","15,616.53"
2015,Mahaska,"962,686.79","18,833.39"
2015,Marion,"1,974,697.44","37,099.64"
2015,Marshall,"3,026,309.07","55,067.68"
2015,Mills,"436,874.08","9,089.30"
2015,Mitchell,"437,388.82","9,852.18"
2015,Monona,"519,700.46","10,050.24"
2015,Monroe,"310,752.35","6,046.90"
2015,Montgomery,"625,465.12","12,433.34"
2015,Muscatine,"3,023,950.74","58,260.69"
2015,O'Brien,"1,273,098.87","27,003.02"
2015,Osceola,"259,985.23","5,399.16"
2015,Page,"1,178,275.96","22,076.23"
2015,Palo Alto,"603,797.30","12,596.90"
2015,Plymouth,"1,558,273.49","30,374.05"
2015,Pocahontas,"327,370.38","7,768.88"
2015,Polk,"63,748,122.62","1,074,706.27"
2015,Pottawattamie,"10,056,843.86","178,887.81"
2015,Poweshiek,"1,349,652.23","25,535.86"
2015,Ringgold,"138,680.81","2,927.11"
2015,Sac,"546,378.45","11,865.53"
2015,Scott,"20,422,368.43","349,205.94"
2015,Shelby,"836,308.77","16,249.48"
2015,Sioux,"1,502,398.07","29,581.11"
2015,Story,"8,559,325.44","159,207.68"
2015,Tama,"638,455.40","13,592.68"
2015,Taylor,"110,598.35","2,227.95"
2015,Union,"968,807.50","19,373.91"
2015,Van Buren,"174,245.69","3,373.10"
2015,Wapello,"2,745,634.87","50,614.32"
2015,Warren,"2,350,365.27","47,088.80"
2015,Washington,"1,462,246.29","25,807.20"
2015,Wayne,"105,438.35","2,113.67"
2015,Webster,"3,283,169.41","62,333.12"
2015,Winnebago,"727,026.88","15,868.75"
2015,Winneshiek,"1,284,923.04","25,824.17"
2015,Woodbury,"10,115,238.44","177,709.61"
2015,Worth,"258,916.55","5,745.06"
2015,Wright,"609,443.42","13,095.51"
2015,,"92,540.85","2,195.53"
2014,Adair,"413,071.07","8,819.07"
2014,Adams,"90,524.22","1,771.07"
2014,Allamakee,"795,778.07","17,132.22"
2014,Appanoose,"769,647.57","15,495.34"
2014,Audubon,"168,113.60","3,949.93"
2014,Benton,"698,404.30","15,458.34"
2014,Black Hawk,"15,833,551.46","288,527.84"
2014,Boone,"1,671,568.10","35,627.73"
2014,Bremer,"1,761,823.88","36,920.20"
2014,Buchanan,"1,345,316.93","27,686.23"
2014,Buena Vista,"1,661,424.36","32,419.31"
2014,Butler,"271,812.50","6,479.65"
2014,Calhoun,"328,441.27","7,462.40"
2014,Carroll,"2,285,421.80","45,903.65"
2014,Cass,"1,062,224.34","21,656.53"
2014,Cedar,"505,572.64","11,074.42"
2014,Cerro Gordo,"5,633,811.63","116,051.18"
2014,Cherokee,"670,926.90","14,491.44"
2014,Chickasaw,"380,539.37","9,032.17"
2014,Clarke,"594,923.27","12,025.01"
2014,Clay,"1,479,853.53","32,644.97"
2014,Clayton,"686,819.22","14,253.59"
2014,Clinton,"3,332,356.55","67,296.85"
2014,Crawford,"1,287,052.65","25,511.11"
2014,Dallas,"5,827,022.80","89,977.28"
2014,Davis,"97,975.29","2,241.17"
2014,Decatur,"168,284.41","3,403.09"
2014,Delaware,"881,656.03","18,073.00"
2014,Des Moines,"3,570,182.82","65,748.77"
2014,Dickinson,"3,667,009.21","72,791.28"
2014,Dubuque,"8,145,792.36","155,670.18"
2014,Emmet,"583,462.49","12,694.00"
2014,Fayette,"1,120,694.84","24,960.50"
2014,Floyd,"1,069,348.34","22,244.06"
2014,Franklin,"483,340.73","10,533.09"
2014,Fremont,"11,229.36",215.7493152
2014,Greene,"337,735.54","7,284.74"
2014,Grundy,"276,976.88","6,354.75"
2014,Guthrie,"271,943.65","5,812.06"
2014,Hamilton,"850,255.35","18,501.22"
2014,Hancock,"271,874.79","6,692.69"
2014,Hardin,"1,784,257.99","37,311.33"
2014,Harrison,"441,443.72","9,093.84"
2014,Henry,"1,053,207.59","20,645.44"
2014,Howard,"791,056.10","17,224.98"
2014,Humboldt,"642,619.17","14,055.31"
2014,Ida,"407,028.65","8,464.39"
2014,Iowa,"1,536,444.13","31,466.36"
2014,Jackson,"1,160,665.14","24,419.19"
2014,Jasper,"1,742,732.31","36,252.90"
2014,Jefferson,"781,815.46","15,129.61"
2014,Johnson,"16,657,159.53","282,883.75"
2014,Jones,"1,077,679.84","23,557.42"
2014,Keokuk,"146,252.63","3,442.19"
2014,Kossuth,"1,735,309.67","35,933.24"
2014,Lee,"3,399,047.77","65,043.07"
2014,Linn,"23,575,832.62","446,002.72"
2014,Louisa,"236,410.23","4,664.12"
2014,Lucas,"416,887.64","8,306.71"
2014,Lyon,"702,287.56","13,883.38"
2014,Madison,"596,099.70","12,272.17"
2014,Mahaska,"949,565.92","19,277.39"
2014,Marion,"1,944,980.54","37,699.83"
2014,Marshall,"2,729,311.94","52,255.10"
2014,Mills,"423,670.17","9,105.61"
2014,Mitchell,"442,030.29","9,787.40"
2014,Monona,"537,095.90","10,410.14"
2014,Monroe,"293,311.10","6,128.81"
2014,Montgomery,"604,338.92","12,189.18"
2014,Muscatine,"2,964,742.92","57,359.17"
2014,O'Brien,"1,232,846.98","26,656.74"
2014,Osceola,"238,594.03","5,146.59"
2014,Page,"1,135,061.93","21,891.84"
2014,Palo Alto,"634,074.34","13,262.24"
2014,Plymouth,"1,572,071.62","31,071.25"
2014,Pocahontas,"337,373.37","8,073.76"
2014,Polk,"59,476,777.54","1,034,448.63"
2014,Pottawattamie,"9,667,883.18","175,911.18"
2014,Poweshiek,"1,414,533.39","27,009.38"
2014,Ringgold,"142,328.97","3,006.55"
2014,Sac,"517,589.29","11,509.26"
2014,Scott,"19,538,877.03","343,795.87"
2014,Shelby,"792,223.05","15,668.58"
2014,Sioux,"1,424,805.42","28,639.02"
2014,Story,"8,391,239.43","158,045.54"
2014,Tama,"596,348.78","12,920.65"
2014,Taylor,"98,038.53","2,094.86"
2014,Union,"921,609.93","18,551.44"
2014,Van Buren,"179,516.67","3,492.52"
2014,Wapello,"2,539,000.33","48,083.78"
2014,Warren,"2,048,282.52","42,034.71"
2014,Washington,"1,388,068.73","25,022.12"
2014,Wayne,"70,010.95","1,551.44"
2014,Webster,"2,887,574.26","56,498.52"
2014,Winnebago,"690,021.56","15,174.88"
2014,Winneshiek,"1,355,288.84","26,830.63"
2014,Woodbury,"9,260,145.06","169,388.07"
2014,Worth,"237,997.77","5,173.99"
2014,Wright,"558,336.27","12,264.92"
2014,,"104,169.05","2,544.93"
2013,Adair,"378,584.26","8,231.66"
2013,Adams,"91,286.24","1,809.90"
2013,Allamakee,"811,512.37","17,728.38"
2013,Appanoose,"780,715.27","15,546.19"
2013,Audubon,"162,023.28","3,785.70"
2013,Benton,"687,998.46","15,055.11"
2013,Black Hawk,"15,107,130.74","277,660.05"
2013,Boone,"1,664,919.58","35,610.35"
2013,Bremer,"1,761,039.09","37,036.90"
2013,Buchanan,"1,294,292.75","26,779.24"
2013,Buena Vista,"1,731,553.39","33,715.52"
2013,Butler,"242,020.56","5,941.47"
2013,Calhoun,"336,587.03","7,758.54"
2013,Carroll,"2,173,263.14","44,294.62"
2013,Cass,"1,058,351.53","21,825.27"
2013,Cedar,"474,237.90","10,619.35"
2013,Cerro Gordo,"5,329,229.12","111,919.86"
2013,Cherokee,"756,107.26","16,307.89"
2013,Chickasaw,"356,483.05","8,540.68"
2013,Clarke,"551,376.29","11,345.89"
2013,Clay,"1,463,129.05","32,781.60"
2013,Clayton,"544,075.09","11,063.46"
2013,Clinton,"3,288,669.49","66,347.45"
2013,Crawford,"1,202,377.43","23,823.78"
2013,Dallas,"4,734,861.59","75,206.85"
2013,Davis,"93,660.91","2,231.86"
2013,Decatur,"168,167.12","3,313.56"
2013,Delaware,"929,929.74","18,901.03"
2013,Des Moines,"3,107,413.21","60,497.28"
2013,Dickinson,"3,682,930.49","74,432.50"
2013,Dubuque,"7,850,343.32","151,477.45"
2013,Emmet,"660,335.97","14,659.01"
2013,Fayette,"1,091,413.95","24,839.35"
2013,Floyd,"1,017,670.96","21,611.69"
2013,Franklin,"464,003.84","10,007.95"
2013,Fremont,"25,211.40",442.4881877
2013,Greene,"304,800.34","6,665.19"
2013,Grundy,"287,964.31","6,428.96"
2013,Guthrie,"264,970.17","5,712.21"
2013,Hamilton,"824,559.75","18,068.62"
2013,Hancock,"263,653.90","6,588.62"
2013,Hardin,"1,574,701.54","34,252.46"
2013,Harrison,"442,719.23","9,124.41"
2013,Henry,"1,056,372.11","20,134.94"
2013,Howard,"736,543.49","16,213.08"
2013,Humboldt,"601,800.35","13,118.53"
2013,Ida,"423,016.51","8,978.21"
2013,Iowa,"1,660,767.69","34,823.71"
2013,Jackson,"1,181,949.59","24,956.32"
2013,Jasper,"1,716,299.27","36,003.97"
2013,Jefferson,"790,566.53","15,642.21"
2013,Johnson,"15,266,328.93","263,749.65"
2013,Jones,"1,150,084.83","25,735.96"
2013,Keokuk,"142,893.28","3,313.52"
2013,Kossuth,"1,661,485.89","34,974.89"
2013,Lee,"2,977,703.50","58,969.72"
2013,Linn,"23,224,587.71","440,499.61"
2013,Louisa,"232,094.26","4,744.33"
2013,Lucas,"345,505.24","7,163.41"
2013,Lyon,"636,165.61","12,437.83"
2013,Madison,"590,210.08","12,599.35"
2013,Mahaska,"916,465.90","18,516.72"
2013,Marion,"1,858,281.08","36,822.82"
2013,Marshall,"2,686,227.02","52,652.61"
2013,Mills,"446,688.44","9,626.21"
2013,Mitchell,"446,790.10","9,771.20"
2013,Monona,"519,200.82","10,525.16"
2013,Monroe,"272,537.59","5,476.31"
2013,Montgomery,"541,214.47","11,680.80"
2013,Muscatine,"2,817,560.97","54,945.12"
2013,O'Brien,"1,198,222.55","26,279.39"
2013,Osceola,"220,987.87","4,915.14"
2013,Page,"1,148,726.23","22,053.18"
2013,Palo Alto,"668,744.71","14,247.31"
2013,Plymouth,"1,504,671.73","30,213.87"
2013,Pocahontas,"339,550.61","8,102.31"
2013,Polk,"56,057,048.32","990,043.91"
2013,Pottawattamie,"9,138,901.33","168,666.16"
2013,Poweshiek,"1,338,820.89","26,311.43"
2013,Ringgold,"141,162.23","2,958.56"
2013,Sac,"511,411.26","11,400.83"
2013,Scott,"18,384,930.01","331,797.19"
2013,Shelby,"722,370.59","14,505.16"
2013,Sioux,"1,477,890.63","29,947.56"
2013,Story,"7,910,476.99","151,856.93"
2013,Tama,"556,036.88","11,860.24"
2013,Taylor,"101,833.15","2,158.43"
2013,Union,"953,472.71","19,469.78"
2013,Van Buren,"185,716.51","3,596.09"
2013,Wapello,"2,495,451.02","48,365.56"
2013,Warren,"1,943,461.90","40,046.89"
2013,Washington,"1,280,723.01","23,996.07"
2013,Wayne,"85,065.15","1,879.52"
2013,Webster,"3,085,081.36","61,340.05"
2013,Winnebago,"665,467.71","14,775.47"
2013,Winneshiek,"1,304,110.20","26,603.97"
2013,Woodbury,"8,720,322.41","163,224.13"
2013,Worth,"216,661.51","4,660.98"
2013,Wright,"606,333.07","13,281.59"
2013,,"204,524.91","4,764.28"
2012,Adair,"413,691.48","8,796.29"
2012,Adams,"96,674.89","1,964.27"
2012,Allamakee,"785,647.44","17,362.72"
2012,Appanoose,"687,274.18","14,320.61"
2012,Audubon,"163,577.03","3,989.31"
2012,Benton,"640,689.25","14,409.77"
2012,Black Hawk,"15,216,821.80","285,436.38"
2012,Boone,"1,457,656.61","32,135.01"
2012,Bremer,"1,776,898.80","37,875.99"
2012,Buchanan,"1,306,200.00","27,465.76"
2012,Buena Vista,"1,664,076.55","33,797.90"
2012,Butler,"224,592.95","5,549.63"
2012,Calhoun,"358,617.30","8,470.68"
2012,Carroll,"2,398,414.69","47,792.59"
2012,Cass,"1,156,054.73","23,722.99"
2012,Cedar,"435,222.12","9,791.62"
2012,Cerro Gordo,"5,434,307.18","116,826.56"
2012,Cherokee,"711,474.27","15,601.40"
2012,Chickasaw,"384,806.79","8,816.55"
2012,Clarke,"505,187.30","10,613.72"
2012,Clay,"1,427,106.77","32,913.92"
2012,Clayton,"508,343.39","10,661.28"
2012,Clinton,"3,286,709.16","68,409.66"
2012,Crawford,"1,287,620.56","26,905.64"
2012,Dallas,"4,150,888.35","67,489.17"
2012,Davis,"86,467.15","2,131.93"
2012,Decatur,"152,663.26","3,015.59"
2012,Delaware,"884,699.06","18,219.86"
2012,Des Moines,"3,116,052.59","63,356.36"
2012,Dickinson,"3,710,672.72","76,999.48"
2012,Dubuque,"8,007,198.95","159,027.55"
2012,Emmet,"657,258.05","14,667.91"
2012,Fayette,"1,118,145.70","24,790.66"
2012,Floyd,"1,053,915.13","22,826.24"
2012,Franklin,"497,136.27","10,808.65"
2012,Fremont,"18,793.59",360.9250665
2012,Greene,"302,768.20","6,371.68"
2012,Grundy,"297,739.87","6,693.48"
2012,Guthrie,"280,873.56","5,961.60"
2012,Hamilton,"796,043.77","17,819.08"
2012,Hancock,"256,871.21","6,494.13"
2012,Hardin,"1,608,075.82","35,076.63"
2012,Harrison,"468,592.74","9,422.06"
2012,Henry,"951,255.56","18,883.78"
2012,Howard,"743,955.23","15,980.36"
2012,Humboldt,"634,114.54","13,658.49"
2012,Ida,"440,210.03","9,353.71"
2012,Iowa,"1,817,734.27","38,300.30"
2012,Jackson,"1,159,790.05","25,085.13"
2012,Jasper,"1,722,006.36","35,924.93"
2012,Jefferson,"746,559.87","14,753.07"
2012,Johnson,"15,031,775.38","265,656.97"
2012,Jones,"1,218,910.65","28,144.56"
2012,Keokuk,"123,192.69","2,909.21"
2012,Kossuth,"1,602,397.31","34,615.59"
2012,Lee,"3,027,583.05","60,498.66"
2012,Linn,"22,717,019.55","443,589.53"
2012,Louisa,"238,508.22","5,067.23"
2012,Lucas,"269,408.51","5,804.45"
2012,Lyon,"535,959.69","10,791.37"
2012,Madison,"565,132.05","11,951.85"
2012,Mahaska,"908,041.38","18,320.49"
2012,Marion,"1,691,516.80","34,248.40"
2012,Marshall,"2,712,215.66","54,233.55"
2012,Mills,"408,227.37","9,080.73"
2012,Mitchell,"433,674.45","9,771.34"
2012,Monona,"510,447.11","10,534.90"
2012,Monroe,"291,650.72","6,175.21"
2012,Montgomery,"568,863.06","12,153.85"
2012,Muscatine,"2,744,851.31","55,734.52"
2012,O'Brien,"1,314,248.35","28,474.56"
2012,Osceola,"219,937.01","4,897.84"
2012,Page,"1,189,220.67","23,743.97"
2012,Palo Alto,"589,873.63","13,069.90"
2012,Plymouth,"1,512,916.93","31,115.92"
2012,Pocahontas,"337,577.83","8,295.52"
2012,Polk,"55,190,112.10","995,284.22"
2012,Pottawattamie,"9,098,306.49","170,345.25"
2012,Poweshiek,"1,260,818.16","25,209.10"
2012,Ringgold,"130,629.48","2,842.37"
2012,Sac,"555,655.82","12,265.75"
2012,Scott,"18,456,818.97","338,365.86"
2012,Shelby,"709,604.70","14,147.30"
2012,Sioux,"1,360,711.22","28,524.70"
2012,Story,"8,029,406.39","157,760.34"
2012,Tama,"535,153.82","11,519.76"
2012,Taylor,"99,613.74","2,233.53"
2012,Union,"850,957.33","18,212.75"
2012,Van Buren,"189,865.97","3,823.12"
2012,Wapello,"2,394,581.08","48,171.02"
2012,Warren,"1,876,943.07","38,720.71"
2012,Washington,"1,220,746.44","23,364.50"
2012,Wayne,"161,736.16","3,152.19"
2012,Webster,"2,835,896.75","58,222.65"
2012,Winnebago,"628,031.62","14,256.09"
2012,Winneshiek,"1,329,013.68","27,618.20"
2012,Woodbury,"8,502,715.94","162,039.64"
2012,Worth,"166,372.17","3,681.32"
2012,Wright,"593,361.38","13,065.69"
2012,,"254,964.57","5,818.79"
