,Zip Code,Population,Poverty Count,Total Poverty Rate (%),City,County
0,50001,746.0,142.0,19.03485254691689,Ackworth,Warren
1,50002,1443.0,161.0,11.157311157311158,Adair,Adair
2,50003,7107.0,495.0,6.964964119881808,Adel,Dallas
3,50005,1015.0,19.0,1.8719211822660096,Albion,Marshall
4,50006,1621.0,154.0,9.500308451573103,Alden,Hardin
5,50007,524.0,3.0,0.5725190839694656,Alleman,Polk
6,50008,1001.0,146.0,14.585414585414586,Allerton,Wayne
7,50009,19190.0,1098.0,5.721730067743616,Altoona,Polk
8,50010,32742.0,6540.0,19.97434487813817,Ames,Story
9,50011,1525.0,0.0,0.0,Ames,Story
10,50012,4799.0,12.0,0.2500520941862888,Ames,Story
11,50014,30123.0,10071.0,33.43292500746938,Ames,Story
12,50020,1187.0,171.0,14.406065711878686,Anita,Cass
13,50021,26639.0,1694.0,6.359097563722362,Ankeny,Polk
14,50022,8173.0,1261.0,15.428851095069131,Atlantic,Cass
15,50023,34042.0,2539.0,7.4584336995476175,Ankeny,Polk
16,50025,3078.0,318.0,10.331384015594542,Audubon,Audubon
17,50026,622.0,65.0,10.45016077170418,Bagley,Guthrie
18,50027,269.0,37.0,13.754646840148697,Barnes City,Mahaska
19,50028,1383.0,70.0,5.0614605929139564,Baxter,Jasper
20,50029,567.0,75.0,13.227513227513228,Bayard,Guthrie
21,50032,243.0,144.0,59.25925925925926,Berwick,Polk
22,50033,27.0,0.0,0.0,Bevington,Madison
23,50034,361.0,13.0,3.601108033240997,Blairsburg,Hamilton
24,50035,7134.0,297.0,4.163162321278385,Bondurant,Polk
25,50036,16261.0,1579.0,9.710349916979276,Boone,Boone
26,50038,68.0,39.0,57.352941176470594,Booneville,Dallas
27,50039,252.0,6.0,2.380952380952381,Bouton,Dallas
28,50041,47.0,0.0,0.0,Bradford,Franklin
29,50042,295.0,20.0,6.779661016949151,Brayton,Audubon
30,50044,1068.0,213.0,19.9438202247191,Bussey,Marion
31,50046,1591.0,149.0,9.365179132620993,Cambridge,Story
32,50047,5926.0,236.0,3.9824502193722577,Carlisle,Warren
33,50048,799.0,111.0,13.892365456821027,Casey,Guthrie
34,50049,6484.0,633.0,9.762492288710671,Chariton,Lucas
35,50050,709.0,62.0,8.744710860366714,Churdan,Greene
36,50051,315.0,67.0,21.26984126984127,Clemons,Marshall
37,50052,140.0,9.0,6.428571428571429,Clio,Wayne
38,50054,3029.0,262.0,8.649719379333114,Colfax,Jasper
39,50055,960.0,45.0,4.6875,Collins,Story
40,50056,1412.0,98.0,6.9405099150141645,Colo,Story
41,50057,304.0,24.0,7.894736842105262,Columbia,Marion
42,50058,2077.0,289.0,13.914299470389984,Coon Rapids,Carroll
43,50060,2507.0,456.0,18.189070602313517,Corydon,Wayne
44,50061,1435.0,6.0,0.4181184668989547,Cumming,Warren
45,50062,705.0,126.0,17.872340425531913,Melcher Dallas,Marion
46,50063,2660.0,102.0,3.8345864661654137,Dallas Center,Dallas
47,50064,91.0,11.0,12.087912087912088,Dana,Greene
48,50065,596.0,209.0,35.06711409395973,Davis City,Decatur
49,50066,251.0,5.0,1.99203187250996,Dawson,Dallas
50,50067,231.0,30.0,12.987012987012987,Decatur,Decatur
51,50068,222.0,36.0,16.216216216216218,Derby,Lucas
52,50069,1048.0,36.0,3.435114503816794,De Soto,Dallas
53,50070,1504.0,89.0,5.917553191489363,Dexter,Dallas
54,50071,972.0,64.0,6.584362139917697,Dows,Wright
55,50072,2315.0,128.0,5.529157667386608,Earlham,Madison
56,50073,1271.0,162.0,12.745869394177813,Elkhart,Polk
57,50074,454.0,30.0,6.607929515418503,Ellston,Ringgold
58,50075,884.0,46.0,5.203619909502263,Ellsworth,Hamilton
59,50076,1561.0,191.0,12.235746316463803,Exira,Audubon
60,50078,148.0,21.0,14.189189189189188,Ferguson,Marshall
61,50101,44.0,2.0,4.545454545454546,Galt,Wright
62,50102,91.0,15.0,16.483516483516482,Garden City,Hardin
63,50103,410.0,94.0,22.92682926829268,Garden Grove,Decatur
64,50104,79.0,1.0,1.2658227848101269,Gibson,Keokuk
65,50105,1197.0,104.0,8.688387635756056,Gilbert,Story
66,50106,984.0,76.0,7.723577235772357,Gilman,Marshall
67,50107,1258.0,222.0,17.647058823529417,Grand Junction,Greene
68,50108,410.0,100.0,24.39024390243902,Grand River,Decatur
69,50109,3086.0,190.0,6.156837329876863,Granger,Dallas
70,50111,13068.0,430.0,3.290480563207836,Grimes,Polk
71,50112,11442.0,1170.0,10.225485055060304,Grinnell,Poweshiek
72,50115,2683.0,333.0,12.411479686917632,Guthrie Center,Guthrie
73,50116,348.0,63.0,18.103448275862068,Hamilton,Marion
74,50117,93.0,38.0,40.86021505376344,Hamlin,Audubon
75,50118,1018.0,78.0,7.662082514734774,Hartford,Warren
76,50119,447.0,73.0,16.33109619686801,Harvey,Marion
77,50120,288.0,9.0,3.125,Haverhill,Marshall
78,50122,1299.0,68.0,5.234795996920708,Hubbard,Hardin
79,50123,667.0,54.0,8.095952023988007,Humeston,Wayne
80,50124,4048.0,328.0,8.102766798418973,Huxley,Story
81,50125,20028.0,1605.0,8.013780707010186,Indianola,Warren
82,50126,6931.0,457.0,6.593565142115136,Iowa Falls,Hardin
83,50127,16.0,0.0,0.0,Ira,Jasper
84,50128,356.0,18.0,5.056179775280898,Jamaica,Guthrie
85,50129,4928.0,403.0,8.17775974025974,Jefferson,Greene
86,50130,1631.0,89.0,5.4567749846719815,Jewell,Hamilton
87,50131,20492.0,945.0,4.611555729065001,Johnston,Polk
88,50132,213.0,16.0,7.511737089201878,Kamrar,Hamilton
89,50133,400.0,82.0,20.5,Kellerton,Ringgold
90,50134,597.0,19.0,3.1825795644891124,Kelley,Story
91,50135,1617.0,110.0,6.802721088435375,Kellogg,Jasper
92,50136,430.0,52.0,12.093023255813955,Keswick,Keokuk
93,50138,11161.0,1289.0,11.549144341904848,Knoxville,Marion
94,50139,1402.0,137.0,9.771754636233954,Lacona,Warren
95,50140,3167.0,594.0,18.75592042942848,Lamoni,Decatur
96,50141,609.0,21.0,3.4482758620689653,Laurel,Marshall
97,50142,961.0,99.0,10.301768990634756,Le Grand,Marshall
98,50143,728.0,13.0,1.7857142857142858,Leighton,Mahaska
99,50144,2653.0,304.0,11.45872597059932,Leon,Decatur
100,50146,367.0,15.0,4.087193460490464,Linden,Dallas
101,50147,382.0,57.0,14.921465968586388,Lineville,Wayne
102,50148,419.0,75.0,17.899761336515514,Liscomb,Marshall
103,50149,974.0,79.0,8.11088295687885,Lorimor,Union
104,50150,933.0,85.0,9.110396570203644,Lovilia,Monroe
105,50151,577.0,43.0,7.4523396880415955,Lucas,Lucas
106,50153,805.0,29.0,3.6024844720496896,Lynnville,Jasper
107,50154,347.0,36.0,10.374639769452449,Mc Callsburg,Story
108,50155,292.0,31.0,10.616438356164382,Macksburg,Madison
109,50156,4526.0,209.0,4.617764030048608,Madrid,Boone
110,50157,931.0,40.0,4.296455424274973,Malcom,Poweshiek
111,50158,31221.0,3880.0,12.427532750392366,Marshalltown,Marshall
112,50160,447.0,71.0,15.883668903803134,Martensdale,Warren
113,50161,1852.0,90.0,4.859611231101511,Maxwell,Story
114,50162,1257.0,36.0,2.863961813842482,Melbourne,Marshall
115,50163,809.0,143.0,17.676143386897408,Melcher Dallas,Marion
116,50164,564.0,51.0,9.04255319148936,Menlo,Guthrie
117,50165,124.0,10.0,8.064516129032258,Millerton,Wayne
118,50166,1552.0,67.0,4.31701030927835,Milo,Warren
119,50167,532.0,41.0,7.7067669172932325,Minburn,Dallas
120,50168,727.0,17.0,2.3383768913342498,Mingo,Jasper
121,50169,3118.0,191.0,6.125721616420782,Mitchellville,Polk
122,50170,2717.0,170.0,6.256900993743099,Monroe,Jasper
123,50171,2629.0,253.0,9.623430962343095,Montezuma,Poweshiek
124,50173,770.0,99.0,12.857142857142858,Montour,Tama
125,50174,1390.0,190.0,13.66906474820144,Murray,Clarke
126,50201,8262.0,817.0,9.888646816751393,Nevada,Story
127,50206,496.0,84.0,16.93548387096774,New Providence,Hardin
128,50207,2252.0,215.0,9.547069271758437,New Sharon,Mahaska
129,50208,20716.0,1982.0,9.567484070283838,Newton,Jasper
130,50210,1492.0,52.0,3.4852546916890086,New Virginia,Warren
131,50211,12339.0,376.0,3.0472485614717564,Norwalk,Warren
132,50212,3139.0,234.0,7.454603376871615,Ogden,Boone
133,50213,6830.0,1033.0,15.124450951683748,Osceola,Clarke
134,50214,1084.0,0.0,0.0,Otley,Marion
135,50216,2437.0,158.0,6.4833812064013125,Panora,Guthrie
136,50217,602.0,60.0,9.966777408637872,Paton,Greene
137,50218,175.0,21.0,12.0,Patterson,Madison
138,50219,13696.0,694.0,5.0671728971962615,Pella,Marion
139,50220,8877.0,1273.0,14.340430325560437,Perry,Dallas
140,50222,504.0,26.0,5.158730158730159,Peru,Madison
141,50223,500.0,62.0,12.4,Pilot Mound,Boone
142,50225,2757.0,270.0,9.793253536452664,Pleasantville,Marion
143,50226,6249.0,172.0,2.7524403904624744,Polk City,Polk
144,50227,32.0,0.0,0.0,Popejoy,Franklin
145,50228,2772.0,251.0,9.054834054834057,Prairie City,Jasper
146,50229,878.0,10.0,1.1389521640091116,Prole,Warren
147,50230,1050.0,51.0,4.857142857142857,Radcliffe,Hardin
148,50231,188.0,39.0,20.74468085106383,Randall,Hamilton
149,50232,446.0,31.0,6.95067264573991,Reasnor,Jasper
150,50233,1481.0,89.0,6.009453072248482,Redfield,Dallas
151,50234,581.0,43.0,7.401032702237521,Rhodes,Marshall
152,50235,405.0,48.0,11.851851851851851,Rippey,Greene
153,50236,1610.0,100.0,6.211180124223603,Roland,Story
154,50237,3332.0,132.0,3.961584633853541,Runnells,Polk
155,50238,1337.0,109.0,8.152580403889305,Russell,Lucas
156,50239,77.0,12.0,15.584415584415586,Saint Anthony,Marshall
157,50240,2874.0,155.0,5.393180236604036,Saint Charles,Madison
158,50242,552.0,128.0,23.18840579710145,Searsboro,Poweshiek
159,50243,218.0,18.0,8.256880733944952,Sheldahl,Polk
160,50244,1910.0,79.0,4.136125654450262,Slater,Story
161,50246,642.0,41.0,6.386292834890965,Stanhope,Hamilton
162,50247,2377.0,80.0,3.3655868742111905,State Center,Marshall
163,50248,4425.0,398.0,8.994350282485875,Story City,Story
164,50249,1205.0,62.0,5.145228215767634,Stratford,Hamilton
165,50250,2322.0,255.0,10.981912144702845,Stuart,Guthrie
166,50251,1339.0,137.0,10.231516056758776,Sully,Jasper
167,50252,211.0,34.0,16.113744075829384,Swan,Marion
168,50254,266.0,12.0,4.511278195488722,Thayer,Union
169,50255,69.0,1.0,1.4492753623188406,Thornburg,Keokuk
170,50256,534.0,45.0,8.426966292134832,Tracy,Marion
171,50257,1080.0,72.0,6.666666666666668,Truro,Madison
172,50258,1076.0,97.0,9.014869888475836,Union,Hardin
173,50261,2626.0,100.0,3.808073115003808,Van Meter,Dallas
174,50262,429.0,18.0,4.195804195804196,Van Wert,Decatur
175,50263,21811.0,660.0,3.0259960570354414,Waukee,Dallas
176,50264,386.0,102.0,26.424870466321245,Weldon,Decatur
177,50265,31599.0,1931.0,6.110952878255642,West Des Moines,Polk
178,50266,28785.0,1964.0,6.8229980892826125,West Des Moines,Polk
179,50268,948.0,122.0,12.869198312236287,What Cheer,Keokuk
180,50271,605.0,63.0,10.413223140495868,Williams,Hamilton
181,50272,135.0,7.0,5.185185185185184,Williamson,Lucas
182,50273,8290.0,723.0,8.721351025331725,Winterset,Madison
183,50274,277.0,6.0,2.166064981949458,Wiota,Cass
184,50275,641.0,120.0,18.720748829953198,Woodburn,Clarke
185,50276,3085.0,348.0,11.280388978930306,Woodward,Dallas
186,50277,476.0,32.0,6.722689075630252,Yale,Guthrie
187,50278,768.0,87.0,11.328125,Zearing,Story
188,50309,6160.0,1356.0,22.01298701298701,Des Moines,Polk
189,50310,31917.0,3974.0,12.451044897703419,Des Moines,Polk
190,50311,15672.0,3273.0,20.8843797856049,Des Moines,Polk
191,50312,16212.0,1518.0,9.363434492968171,Des Moines,Polk
192,50313,18858.0,2994.0,15.876551065860644,Des Moines,Polk
193,50314,12067.0,3632.0,30.098616060329825,Des Moines,Polk
194,50315,35051.0,6319.0,18.028016319077913,Des Moines,Polk
195,50316,17208.0,3207.0,18.636680613668066,Des Moines,Polk
196,50317,37963.0,6261.0,16.492374153781313,Des Moines,Polk
197,50319,0.0,0.0,,Des Moines,Polk
198,50320,22063.0,3802.0,17.232470652223178,Des Moines,Polk
199,50321,9320.0,1707.0,18.315450643776824,Des Moines,Polk
200,50322,31016.0,2756.0,8.885736394119164,Urbandale,Polk
201,50323,13634.0,207.0,1.5182631656153731,Urbandale,Polk
202,50324,4990.0,552.0,11.062124248496994,Windsor Heights,Polk
203,50325,16889.0,967.0,5.7256202261827225,Clive,Polk
204,50327,11281.0,539.0,4.777945217622551,Pleasant Hill,Polk
205,50401,29040.0,3463.0,11.924931129476585,Mason City,Cerro Gordo
206,50420,385.0,87.0,22.597402597402603,Alexander,Franklin
207,50421,3290.0,390.0,11.854103343465045,Belmond,Wright
208,50423,2717.0,205.0,7.545086492454914,Britt,Hancock
209,50424,1438.0,88.0,6.119610570236438,Buffalo Center,Winnebago
210,50426,50.0,6.0,12.0,Carpenter,Mitchell
211,50428,9498.0,981.0,10.32849020846494,Clear Lake,Cerro Gordo
212,50430,459.0,35.0,7.625272331154684,Corwith,Hancock
213,50431,213.0,7.0,3.286384976525821,Coulter,Franklin
214,50432,235.0,49.0,20.851063829787236,Crystal Lake,Hancock
215,50433,208.0,5.0,2.4038461538461537,Dougherty,Cerro Gordo
216,50434,402.0,10.0,2.487562189054726,Fertile,Worth
217,50435,667.0,33.0,4.94752623688156,Floyd,Floyd
218,50436,5939.0,537.0,9.041926250210473,Forest City,Winnebago
219,50438,4164.0,249.0,5.979827089337176,Garner,Hancock
220,50439,171.0,42.0,24.561403508771928,Goodell,Hancock
221,50440,601.0,44.0,7.321131447587353,Grafton,Worth
222,50441,5420.0,935.0,17.250922509225088,Hampton,Franklin
223,50444,394.0,24.0,6.091370558375634,Hanlontown,Worth
224,50446,521.0,20.0,3.838771593090211,Joice,Worth
225,50447,1147.0,161.0,14.036617262423716,Kanawha,Hancock
226,50448,778.0,74.0,9.511568123393316,Kensett,Worth
227,50449,708.0,132.0,18.644067796610173,Klemme,Hancock
228,50450,2671.0,258.0,9.659303631598652,Lake Mills,Winnebago
229,50451,475.0,50.0,10.526315789473683,Lakota,Kossuth
230,50452,795.0,167.0,21.006289308176104,Latimer,Franklin
231,50453,511.0,8.0,1.5655577299412915,Leland,Winnebago
232,50454,66.0,0.0,0.0,Little Cedar,Mitchell
233,50455,654.0,13.0,1.9877675840978597,Mc Intire,Mitchell
234,50456,1805.0,226.0,12.520775623268698,Manly,Worth
235,50457,361.0,48.0,13.296398891966758,Meservey,Cerro Gordo
236,50458,2139.0,183.0,8.55539971949509,Nora Springs,Floyd
237,50459,2838.0,343.0,12.085976039464411,Northwood,Worth
238,50460,420.0,39.0,9.285714285714286,Orchard,Mitchell
239,50461,5660.0,442.0,7.809187279151944,Osage,Mitchell
240,50464,560.0,38.0,6.7857142857142865,Plymouth,Cerro Gordo
241,50465,171.0,54.0,31.578947368421048,Rake,Winnebago
242,50466,1629.0,152.0,9.330877839165133,Riceville,Howard
243,50467,91.0,10.0,10.989010989010987,Rock Falls,Cerro Gordo
244,50468,1414.0,76.0,5.374823196605375,Rockford,Floyd
245,50469,1537.0,81.0,5.270006506180873,Rockwell,Cerro Gordo
246,50470,270.0,38.0,14.074074074074074,Rowan,Wright
247,50471,635.0,84.0,13.228346456692913,Rudd,Floyd
248,50472,2180.0,182.0,8.34862385321101,Saint Ansgar,Mitchell
249,50473,403.0,41.0,10.173697270471463,Scarville,Winnebago
250,50475,1604.0,187.0,11.658354114713216,Sheffield,Franklin
251,50476,751.0,69.0,9.18774966711052,Stacyville,Mitchell
252,50477,261.0,36.0,13.79310344827586,Swaledale,Cerro Gordo
253,50478,764.0,87.0,11.387434554973822,Thompson,Winnebago
254,50479,569.0,82.0,14.411247803163445,Thornton,Cerro Gordo
255,50480,894.0,94.0,10.51454138702461,Titonka,Kossuth
256,50482,843.0,25.0,2.965599051008304,Ventura,Cerro Gordo
257,50483,654.0,48.0,7.339449541284404,Wesley,Kossuth
258,50484,401.0,61.0,15.211970074812967,Woden,Hancock
259,50501,28211.0,4427.0,15.692460387791993,Fort Dodge,Webster
260,50510,1028.0,92.0,8.949416342412453,Albert City,Buena Vista
261,50511,7242.0,498.0,6.876553438276719,Algona,Kossuth
262,50514,1463.0,138.0,9.432672590567329,Armstrong,Emmet
263,50515,234.0,69.0,29.487179487179485,Ayrshire,Palo Alto
264,50516,653.0,27.0,4.134762633996937,Badger,Webster
265,50517,982.0,97.0,9.877800407331977,Bancroft,Kossuth
266,50518,443.0,93.0,20.993227990970656,Barnum,Webster
267,50519,735.0,147.0,20.0,Bode,Humboldt
268,50520,80.0,4.0,5.0,Bradgate,Humboldt
269,50521,253.0,108.0,42.68774703557313,Burnside,Webster
270,50522,840.0,158.0,18.80952380952381,Burt,Kossuth
271,50523,651.0,123.0,18.894009216589858,Callender,Webster
272,50524,610.0,24.0,3.9344262295081966,Clare,Webster
273,50525,3414.0,581.0,17.01816051552431,Clarion,Wright
274,50527,287.0,12.0,4.181184668989547,Curlew,Palo Alto
275,50528,339.0,7.0,2.0648967551622417,Cylinder,Palo Alto
276,50529,751.0,53.0,7.057256990679095,Dakota City,Humboldt
277,50530,1181.0,121.0,10.245554614733274,Dayton,Webster
278,50531,235.0,21.0,8.936170212765957,Dolliver,Emmet
279,50532,893.0,219.0,24.524076147816352,Duncombe,Webster
280,50533,3864.0,426.0,11.024844720496896,Eagle Grove,Wright
281,50535,1017.0,159.0,15.634218289085545,Early,Sac
282,50536,4526.0,151.0,3.3362792752982773,Emmetsburg,Palo Alto
283,50538,496.0,69.0,13.911290322580646,Farnhamville,Calhoun
284,50539,608.0,97.0,15.953947368421053,Fenton,Kossuth
285,50540,882.0,77.0,8.730158730158731,Fonda,Pocahontas
286,50541,780.0,61.0,7.82051282051282,Gilmore City,Pocahontas
287,50542,830.0,68.0,8.19277108433735,Goldfield,Wright
288,50543,1426.0,134.0,9.396914446002805,Gowrie,Webster
289,50544,419.0,44.0,10.501193317422434,Harcourt,Webster
290,50545,236.0,80.0,33.898305084745765,Hardy,Humboldt
291,50546,296.0,97.0,32.770270270270274,Havelock,Pocahontas
292,50548,5597.0,687.0,12.274432731820614,Humboldt,Humboldt
293,50551,120.0,2.0,1.6666666666666667,Jolley,Calhoun
294,50554,1675.0,231.0,13.791044776119405,Laurens,Pocahontas
295,50556,300.0,12.0,4.0,Ledyard,Kossuth
296,50557,731.0,57.0,7.797537619699042,Lehigh,Webster
297,50558,719.0,105.0,14.603616133518775,Livermore,Humboldt
298,50559,302.0,44.0,14.569536423841061,Lone Rock,Kossuth
299,50560,528.0,98.0,18.560606060606066,Lu Verne,Kossuth
300,50561,381.0,60.0,15.74803149606299,Lytton,Calhoun
301,50562,382.0,53.0,13.874345549738221,Mallard,Palo Alto
302,50563,2607.0,285.0,10.93210586881473,Manson,Calhoun
303,50565,430.0,95.0,22.09302325581395,Marathon,Buena Vista
304,50566,444.0,67.0,15.090090090090088,Moorland,Webster
305,50567,289.0,38.0,13.14878892733564,Nemaha,Sac
306,50568,1580.0,187.0,11.835443037974686,Newell,Buena Vista
307,50569,656.0,78.0,11.890243902439025,Otho,Webster
308,50570,210.0,22.0,10.476190476190476,Ottosen,Humboldt
309,50571,393.0,38.0,9.669211195928753,Palmer,Pocahontas
310,50573,39.0,0.0,0.0,Plover,Pocahontas
311,50574,2015.0,268.0,13.300248138957816,Pocahontas,Pocahontas
312,50575,1183.0,217.0,18.343195266272193,Pomeroy,Calhoun
313,50576,357.0,11.0,3.0812324929971986,Rembrandt,Buena Vista
314,50577,430.0,37.0,8.604651162790697,Renwick,Humboldt
315,50578,626.0,97.0,15.495207667731625,Ringsted,Emmet
316,50579,2596.0,288.0,11.093990755007704,Rockwell City,Calhoun
317,50581,945.0,114.0,12.063492063492065,Rolfe,Pocahontas
318,50582,283.0,28.0,9.89399293286219,Rutland,Humboldt
319,50583,2877.0,236.0,8.202989224887036,Sac City,Sac
320,50585,1254.0,172.0,13.71610845295056,Sioux Rapids,Buena Vista
321,50586,289.0,26.0,8.996539792387543,Somers,Calhoun
322,50588,12747.0,1844.0,14.46614889777987,Storm Lake,Buena Vista
323,50590,886.0,205.0,23.137697516930018,Swea City,Kossuth
324,50591,421.0,36.0,8.551068883610451,Thor,Humboldt
325,50593,67.0,23.0,34.328358208955216,Varina,Pocahontas
326,50594,204.0,11.0,5.3921568627450975,Vincent,Webster
327,50595,9134.0,981.0,10.740091964090213,Webster City,Hamilton
328,50597,1208.0,124.0,10.264900662251655,West Bend,Palo Alto
329,50598,796.0,51.0,6.407035175879398,Whittemore,Kossuth
330,50599,397.0,13.0,3.2745591939546603,Woolstock,Wright
331,50601,2497.0,247.0,9.891870244293152,Ackley,Hardin
332,50602,1724.0,133.0,7.714617169373549,Allison,Butler
333,50603,680.0,27.0,3.9705882352941178,Alta Vista,Chickasaw
334,50604,1746.0,175.0,10.02290950744559,Aplington,Butler
335,50605,271.0,19.0,7.011070110701108,Aredale,Butler
336,50606,778.0,119.0,15.295629820051413,Arlington,Fayette
337,50607,513.0,115.0,22.417153996101366,Aurora,Buchanan
338,50609,458.0,11.0,2.4017467248908297,Beaman,Grundy
339,50611,395.0,64.0,16.20253164556962,Bristow,Butler
340,50612,328.0,0.0,0.0,Buckingham,Tama
341,50613,44164.0,7298.0,16.524771306946835,Cedar Falls,Black Hawk
342,50616,10456.0,2132.0,20.390206579954096,Charles City,Floyd
343,50619,2391.0,235.0,9.828523630280216,Clarksville,Butler
344,50620,50.0,17.0,34.0,Colwell,Floyd
345,50621,1531.0,111.0,7.250163291966035,Conrad,Grundy
346,50622,3492.0,270.0,7.731958762886598,Denver,Bremer
347,50624,1767.0,56.0,3.169213355970572,Dike,Grundy
348,50625,1008.0,175.0,17.36111111111111,Dumont,Butler
349,50626,1865.0,90.0,4.825737265415548,Dunkerton,Black Hawk
350,50627,3272.0,236.0,7.212713936430317,Eldora,Hardin
351,50628,1219.0,202.0,16.570959803117308,Elma,Howard
352,50629,2242.0,247.0,11.016949152542374,Fairbank,Buchanan
353,50630,2026.0,135.0,6.663376110562685,Fredericksburg,Chickasaw
354,50632,965.0,55.0,5.699481865284973,Garwin,Tama
355,50633,356.0,38.0,10.674157303370787,Geneva,Franklin
356,50634,716.0,84.0,11.731843575418994,Gilbertville,Black Hawk
357,50635,1739.0,141.0,8.108108108108109,Gladbrook,Tama
358,50636,1647.0,247.0,14.996964177292044,Greene,Butler
359,50638,3422.0,212.0,6.1952074810052595,Grundy Center,Grundy
360,50641,1775.0,255.0,14.366197183098592,Hazleton,Buchanan
361,50642,510.0,22.0,4.313725490196078,Holland,Grundy
362,50643,2610.0,31.0,1.1877394636015326,Hudson,Black Hawk
363,50644,8898.0,579.0,6.50708024275118,Independence,Buchanan
364,50645,993.0,84.0,8.459214501510575,Ionia,Chickasaw
365,50647,1777.0,48.0,2.7011817670230727,Janesville,Bremer
366,50648,4586.0,178.0,3.881378107283035,Jesup,Buchanan
367,50650,820.0,149.0,18.170731707317074,Lamont,Buchanan
368,50651,3589.0,312.0,8.693229311786013,La Porte City,Black Hawk
369,50652,72.0,13.0,18.055555555555557,Lincoln,Tama
370,50653,630.0,40.0,6.349206349206349,Marble Rock,Floyd
371,50654,454.0,39.0,8.590308370044053,Masonville,Delaware
372,50655,695.0,87.0,12.517985611510792,Maynard,Fayette
373,50658,2377.0,128.0,5.384938998737905,Nashua,Chickasaw
374,50659,5310.0,458.0,8.625235404896422,New Hampton,Chickasaw
375,50660,1323.0,60.0,4.5351473922902485,New Hartford,Butler
376,50662,6859.0,888.0,12.946493657967634,Oelwein,Fayette
377,50664,67.0,19.0,28.35820895522388,Oran,Fayette
378,50665,2976.0,237.0,7.963709677419355,Parkersburg,Butler
379,50666,1177.0,60.0,5.097706032285472,Plainfield,Bremer
380,50667,770.0,54.0,7.012987012987013,Raymond,Black Hawk
381,50668,1228.0,130.0,10.586319218241043,Readlyn,Bremer
382,50669,2398.0,148.0,6.171809841534612,Reinbeck,Grundy
383,50670,2085.0,131.0,6.2829736211031175,Shell Rock,Butler
384,50671,182.0,10.0,5.494505494505495,Stanley,Buchanan
385,50672,575.0,37.0,6.434782608695652,Steamboat Rock,Hardin
386,50673,163.0,19.0,11.656441717791411,Stout,Grundy
387,50674,3507.0,277.0,7.89848873681209,Sumner,Bremer
388,50675,2328.0,141.0,6.056701030927835,Traer,Tama
389,50676,2104.0,217.0,10.313688212927756,Tripoli,Bremer
390,50677,12156.0,753.0,6.194471865745312,Waverly,Bremer
391,50680,1258.0,54.0,4.292527821939586,Wellsburg,Grundy
392,50681,439.0,22.0,5.0113895216400905,Westgate,Fayette
393,50682,1772.0,110.0,6.20767494356659,Winthrop,Buchanan
394,50701,30829.0,3948.0,12.80612410392812,Waterloo,Black Hawk
395,50702,19568.0,1942.0,9.924366312346688,Waterloo,Black Hawk
396,50703,19132.0,5356.0,27.99498222872674,Waterloo,Black Hawk
397,50707,8675.0,1194.0,13.763688760806913,Evansdale,Black Hawk
398,50801,9551.0,1348.0,14.113705371165324,Creston,Union
399,50830,1812.0,232.0,12.803532008830024,Afton,Union
400,50833,2278.0,314.0,13.784021071115015,Bedford,Taylor
401,50835,83.0,4.0,4.819277108433735,Benton,Ringgold
402,50836,293.0,68.0,23.208191126279864,Blockton,Taylor
403,50837,346.0,56.0,16.184971098265898,Bridgewater,Adair
404,50839,32.0,4.0,12.5,Carbon,Adams
405,50840,570.0,65.0,11.403508771929824,Clearfield,Taylor
406,50841,2675.0,328.0,12.261682242990654,Corning,Adams
407,50842,101.0,3.0,2.9702970297029703,Cromwell,Union
408,50843,526.0,65.0,12.357414448669202,Cumberland,Cass
409,50845,888.0,87.0,9.797297297297296,Diagonal,Ringgold
410,50846,993.0,85.0,8.559919436052366,Fontanelle,Adair
411,50847,93.0,32.0,34.40860215053763,Grant,Montgomery
412,50848,375.0,22.0,5.866666666666666,Gravity,Taylor
413,50849,2430.0,207.0,8.518518518518519,Greenfield,Adair
414,50851,1929.0,137.0,7.102125453602903,Lenox,Taylor
415,50853,741.0,88.0,11.875843454790823,Massena,Cass
416,50854,2541.0,267.0,10.507674144037779,Mount Ayr,Ringgold
417,50857,219.0,39.0,17.808219178082194,Nodaway,Adams
418,50858,767.0,88.0,11.473272490221644,Orient,Adair
419,50859,583.0,51.0,8.747855917667238,Prescott,Adams
420,50860,240.0,29.0,12.083333333333336,Redding,Ringgold
421,50861,212.0,7.0,3.30188679245283,Shannon City,Union
422,50862,213.0,10.0,4.694835680751174,Sharpsburg,Taylor
423,50863,300.0,25.0,8.333333333333334,Tingley,Ringgold
424,50864,2017.0,270.0,13.38621715418939,Villisca,Montgomery
425,51001,2284.0,137.0,5.998248686514887,Akron,Plymouth
426,51002,2921.0,257.0,8.798356727148239,Alta,Buena Vista
427,51003,1761.0,96.0,5.451448040885861,Alton,Sioux
428,51004,979.0,110.0,11.235955056179776,Anthon,Woodbury
429,51005,1428.0,131.0,9.173669467787112,Aurelia,Cherokee
430,51006,1018.0,111.0,10.903732809430256,Battle Creek,Ida
431,51007,553.0,36.0,6.509945750452078,Bronson,Woodbury
432,51008,96.0,1.0,1.0416666666666667,Brunsville,Plymouth
433,51009,164.0,25.0,15.24390243902439,Calumet,Obrien
434,51010,328.0,24.0,7.317073170731707,Castana,Monona
435,51011,74.0,10.0,13.513513513513516,Chatsworth,Sioux
436,51012,6355.0,842.0,13.249409913453976,Cherokee,Cherokee
437,51014,443.0,45.0,10.15801354401806,Cleghorn,Cherokee
438,51016,1334.0,134.0,10.044977511244378,Correctionville,Woodbury
439,51018,376.0,10.0,2.6595744680851063,Cushing,Woodbury
440,51019,864.0,119.0,13.773148148148149,Danbury,Woodbury
441,51020,613.0,42.0,6.851549755301795,Galva,Ida
442,51022,790.0,30.0,3.79746835443038,Granville,Sioux
443,51023,3050.0,266.0,8.721311475409836,Hawarden,Sioux
444,51024,1774.0,94.0,5.2987598647125145,Hinton,Plymouth
445,51025,1987.0,141.0,7.096124811273277,Holstein,Ida
446,51026,788.0,27.0,3.4263959390862944,Hornick,Woodbury
447,51027,1171.0,98.0,8.368915456874468,Ireton,Sioux
448,51028,2186.0,134.0,6.1299176578225065,Kingsley,Plymouth
449,51029,302.0,36.0,11.920529801324506,Larrabee,Cherokee
450,51030,1681.0,19.0,1.1302795954788816,Lawton,Woodbury
451,51031,12173.0,1245.0,10.22755278074427,Le Mars,Plymouth
452,51033,254.0,17.0,6.692913385826771,Linn Grove,Buena Vista
453,51034,1783.0,230.0,12.899607403252945,Mapleton,Monona
454,51035,1315.0,79.0,6.007604562737643,Marcus,Cherokee
455,51036,879.0,11.0,1.2514220705346986,Maurice,Sioux
456,51037,481.0,16.0,3.3264033264033266,Meriden,Cherokee
457,51038,1658.0,100.0,6.031363088057902,Merrill,Plymouth
458,51039,2556.0,220.0,8.607198748043821,Moville,Woodbury
459,51040,3506.0,705.0,20.108385624643468,Onawa,Monona
460,51041,7414.0,539.0,7.270029673590504,Orange City,Sioux
461,51044,227.0,37.0,16.29955947136564,Oto,Woodbury
462,51046,1657.0,144.0,8.690404345202174,Paullina,Obrien
463,51047,703.0,46.0,6.543385490753912,Peterson,Clay
464,51048,609.0,62.0,10.18062397372742,Pierson,Woodbury
465,51049,463.0,81.0,17.494600431965438,Quimby,Cherokee
466,51050,2643.0,188.0,7.11312902005297,Remsen,Plymouth
467,51051,112.0,7.0,6.25,Rodney,Monona
468,51052,828.0,52.0,6.280193236714977,Salix,Woodbury
469,51053,947.0,105.0,11.087645195353751,Schaller,Sac
470,51054,5542.0,1085.0,19.57776975821003,Sergeant Bluff,Woodbury
471,51055,1665.0,156.0,9.369369369369368,Sloan,Woodbury
472,51056,321.0,27.0,8.411214953271028,Smithland,Woodbury
473,51058,911.0,72.0,7.903402854006586,Sutherland,Obrien
474,51060,581.0,79.0,13.59724612736661,Ute,Monona
475,51061,697.0,77.0,11.04734576757532,Washta,Cherokee
476,51062,523.0,149.0,28.489483747609945,Westfield,Plymouth
477,51063,1198.0,122.0,10.183639398998329,Whiting,Monona
478,51101,868.0,334.0,38.47926267281107,Sioux City,Woodbury
479,51103,17547.0,4136.0,23.570980794437794,Sioux City,Woodbury
480,51104,22549.0,2299.0,10.195574083107898,Sioux City,Woodbury
481,51105,9652.0,2329.0,24.129714048901786,Sioux City,Woodbury
482,51106,26893.0,2210.0,8.217751831331574,Sioux City,Woodbury
483,51108,5700.0,520.0,9.12280701754386,Sioux City,Woodbury
484,51109,3027.0,236.0,7.796498183019492,Sioux City,Woodbury
485,51111,147.0,0.0,0.0,Sioux City,Woodbury
486,51201,5948.0,596.0,10.020174848688637,Sheldon,Obrien
487,51230,260.0,9.0,3.4615384615384617,Alvord,Lyon
488,51231,382.0,25.0,6.544502617801047,Archer,Obrien
489,51232,666.0,44.0,6.606606606606608,Ashton,Osceola
490,51234,1239.0,104.0,8.393866020984666,Boyden,Sioux
491,51235,1355.0,42.0,3.0996309963099637,Doon,Lyon
492,51237,1659.0,67.0,4.038577456298976,George,Lyon
493,51238,1037.0,20.0,1.9286403085824493,Hospers,Sioux
494,51239,3162.0,168.0,5.313092979127135,Hull,Sioux
495,51240,2337.0,166.0,7.103123662815576,Inwood,Lyon
496,51241,1716.0,53.0,3.0885780885780885,Larchwood,Lyon
497,51242,241.0,17.0,7.053941908713693,Lester,Lyon
498,51243,891.0,35.0,3.928170594837261,Little Rock,Lyon
499,51244,70.0,1.0,1.4285714285714286,Matlock,Sioux
500,51245,1240.0,104.0,8.387096774193548,Primghar,Obrien
501,51246,3316.0,167.0,5.036188178528348,Rock Rapids,Lyon
502,51247,5182.0,662.0,12.774990351215749,Rock Valley,Sioux
503,51248,1878.0,110.0,5.857294994675187,Sanborn,Obrien
504,51249,3269.0,392.0,11.991434689507495,Sibley,Osceola
505,51250,8532.0,527.0,6.176746366619784,Sioux Center,Sioux
506,51301,12497.0,1473.0,11.78682883892134,Spencer,Clay
507,51331,1090.0,150.0,13.761467889908257,Arnolds Park,Dickinson
508,51333,489.0,100.0,20.449897750511244,Dickens,Clay
509,51334,7000.0,890.0,12.714285714285715,Estherville,Emmet
510,51338,1024.0,114.0,11.1328125,Everly,Clay
511,51341,34.0,9.0,26.470588235294123,Gillett Grove,Clay
512,51342,1219.0,118.0,9.680065627563577,Graettinger,Palo Alto
513,51343,327.0,49.0,14.984709480122323,Greenville,Clay
514,51345,454.0,51.0,11.233480176211453,Harris,Osceola
515,51346,2310.0,271.0,11.731601731601732,Hartley,Obrien
516,51347,1432.0,89.0,6.215083798882683,Lake Park,Dickinson
517,51350,729.0,52.0,7.1330589849108375,Melvin,Osceola
518,51351,4562.0,355.0,7.781674704077159,Milford,Dickinson
519,51354,928.0,160.0,17.24137931034483,Ocheyedan,Osceola
520,51355,931.0,119.0,12.781954887218044,Okoboji,Dickinson
521,51357,627.0,48.0,7.655502392344498,Royal,Clay
522,51358,1125.0,69.0,6.133333333333334,Ruthven,Palo Alto
523,51360,8133.0,568.0,6.983892782491085,Spirit Lake,Dickinson
524,51363,198.0,10.0,5.05050505050505,Superior,Dickinson
525,51364,743.0,68.0,9.152086137281293,Terril,Dickinson
526,51365,391.0,71.0,18.15856777493606,Wallingford,Emmet
527,51366,377.0,15.0,3.9787798408488064,Webb,Clay
528,51401,11971.0,1094.0,9.13875198396124,Carroll,Carroll
529,51430,843.0,25.0,2.965599051008304,Arcadia,Carroll
530,51431,439.0,26.0,5.922551252847381,Arthur,Ida
531,51433,450.0,91.0,20.222222222222218,Auburn,Sac
532,51436,756.0,121.0,16.005291005291006,Breda,Carroll
533,51439,1109.0,158.0,14.24706943192065,Charter Oak,Crawford
534,51440,353.0,31.0,8.78186968838527,Dedham,Carroll
535,51441,393.0,103.0,26.208651399491096,Deloit,Crawford
536,51442,9922.0,2211.0,22.28381374722839,Denison,Crawford
537,51443,1802.0,122.0,6.770255271920089,Glidden,Carroll
538,51444,274.0,0.0,0.0,Halbur,Carroll
539,51445,2788.0,400.0,14.347202295552368,Ida Grove,Ida
540,51446,586.0,54.0,9.215017064846416,Irwin,Shelby
541,51447,230.0,17.0,7.391304347826088,Kirkman,Shelby
542,51448,462.0,78.0,16.883116883116884,Kiron,Crawford
543,51449,2155.0,403.0,18.700696055684453,Lake City,Calhoun
544,51450,1436.0,88.0,6.128133704735376,Lake View,Sac
545,51451,124.0,0.0,0.0,Lanesboro,Carroll
546,51453,651.0,82.0,12.596006144393241,Lohrville,Calhoun
547,51454,1541.0,153.0,9.928617780661908,Manilla,Crawford
548,51455,2419.0,371.0,15.336916081025214,Manning,Carroll
549,51458,1503.0,71.0,4.723885562208915,Odebolt,Sac
550,51459,66.0,15.0,22.72727272727273,Ralston,Carroll
551,51461,1064.0,142.0,13.345864661654133,Schleswig,Crawford
552,51462,1044.0,126.0,12.06896551724138,Scranton,Greene
553,51463,500.0,29.0,5.8,Templeton,Carroll
554,51465,812.0,59.0,7.266009852216749,Vail,Crawford
555,51466,1050.0,113.0,10.761904761904765,Wall Lake,Sac
556,51467,640.0,39.0,6.09375,Westside,Crawford
557,51501,35110.0,5605.0,15.964112788379381,Council Bluffs,Pottawattamie
558,51503,37194.0,3077.0,8.272839705328817,Council Bluffs,Pottawattamie
559,51510,3781.0,619.0,16.371330335889972,Carter Lake,Pottawattamie
560,51520,196.0,23.0,11.734693877551019,Arion,Crawford
561,51521,1956.0,178.0,9.100204498977504,Avoca,Pottawattamie
562,51523,375.0,50.0,13.333333333333336,Blencoe,Monona
563,51525,1147.0,81.0,7.061900610287707,Carson,Pottawattamie
564,51526,1532.0,47.0,3.0678851174934727,Crescent,Pottawattamie
565,51527,506.0,45.0,8.893280632411066,Defiance,Shelby
566,51528,746.0,96.0,12.8686327077748,Dow City,Crawford
567,51529,1721.0,125.0,7.2632190586868095,Dunlap,Harrison
568,51530,786.0,14.0,1.7811704834605595,Earling,Shelby
569,51531,694.0,53.0,7.636887608069165,Elk Horn,Shelby
570,51532,716.0,32.0,4.46927374301676,Elliott,Montgomery
571,51533,886.0,81.0,9.142212189616252,Emerson,Mills
572,51534,9218.0,952.0,10.327619874159254,Glenwood,Mills
573,51535,2087.0,340.0,16.291327264015333,Griswold,Cass
574,51536,400.0,37.0,9.25,Hancock,Pottawattamie
575,51537,6389.0,645.0,10.095476600406947,Harlan,Shelby
576,51540,375.0,39.0,10.4,Hastings,Mills
577,51541,332.0,18.0,5.421686746987952,Henderson,Mills
578,51542,1087.0,69.0,6.347746090156393,Honey Creek,Pottawattamie
579,51543,531.0,34.0,6.403013182674201,Kimballton,Audubon
580,51544,695.0,46.0,6.618705035971223,Lewis,Cass
581,51545,315.0,95.0,30.158730158730158,Little Sioux,Harrison
582,51546,2854.0,189.0,6.622284512964262,Logan,Harrison
583,51548,383.0,16.0,4.1775456919060066,Mc Clelland,Pottawattamie
584,51549,482.0,22.0,4.564315352697094,Macedonia,Pottawattamie
585,51550,138.0,12.0,8.695652173913043,Magnolia,Harrison
586,51551,1819.0,111.0,6.102253985706433,Malvern,Mills
587,51552,294.0,7.0,2.380952380952381,Marne,Cass
588,51553,971.0,20.0,2.0597322348094753,Minden,Pottawattamie
589,51554,178.0,0.0,0.0,Mineola,Mills
590,51555,4880.0,583.0,11.946721311475411,Missouri Valley,Harrison
591,51556,428.0,61.0,14.252336448598129,Modale,Harrison
592,51557,737.0,66.0,8.955223880597012,Mondamin,Harrison
593,51558,372.0,62.0,16.666666666666668,Moorhead,Monona
594,51559,1744.0,140.0,8.027522935779816,Neola,Pottawattamie
595,51560,2315.0,98.0,4.2332613390928735,Oakland,Pottawattamie
596,51561,1502.0,101.0,6.724367509986683,Pacific Junction,Mills
597,51562,473.0,40.0,8.456659619450317,Panama,Shelby
598,51563,658.0,78.0,11.854103343465045,Persia,Harrison
599,51564,411.0,94.0,22.871046228710465,Pisgah,Harrison
600,51565,527.0,29.0,5.502846299810248,Portsmouth,Shelby
601,51566,6511.0,1282.0,19.689755797880512,Red Oak,Montgomery
602,51570,1057.0,125.0,11.825922421948912,Shelby,Shelby
603,51571,529.0,12.0,2.268431001890359,Silver City,Mills
604,51572,508.0,43.0,8.464566929133857,Soldier,Monona
605,51573,1088.0,36.0,3.3088235294117645,Stanton,Montgomery
606,51575,1447.0,37.0,2.5570145127850727,Treynor,Pottawattamie
607,51576,2129.0,68.0,3.193987787693753,Underwood,Pottawattamie
608,51577,1087.0,51.0,4.6918123275069,Walnut,Pottawattamie
609,51578,58.0,10.0,17.24137931034483,Westphalia,Shelby
610,51579,2407.0,178.0,7.395097631906937,Woodbine,Harrison
611,51601,5766.0,964.0,16.718695802983007,Shenandoah,Page
612,51630,237.0,1.0,0.4219409282700422,Blanchard,Page
613,51631,265.0,37.0,13.962264150943394,Braddyville,Page
614,51632,7051.0,743.0,10.537512409587293,Clarinda,Page
615,51636,437.0,69.0,15.789473684210524,Coin,Page
616,51637,230.0,45.0,19.565217391304348,College Springs,Page
617,51638,1273.0,85.0,6.677140612725845,Essex,Page
618,51639,711.0,55.0,7.735583684950773,Farragut,Fremont
619,51640,1512.0,201.0,13.293650793650794,Hamburg,Fremont
620,51645,285.0,18.0,6.315789473684211,Imogene,Fremont
621,51646,714.0,43.0,6.022408963585434,New Market,Taylor
622,51647,92.0,7.0,7.608695652173912,Northboro,Page
623,51648,198.0,0.0,0.0,Percival,Fremont
624,51649,274.0,17.0,6.204379562043796,Randolph,Fremont
625,51650,352.0,33.0,9.375,Riverton,Fremont
626,51652,1626.0,213.0,13.099630996309966,Sidney,Fremont
627,51653,1553.0,148.0,9.529942047649712,Tabor,Fremont
628,51654,507.0,89.0,17.554240631163708,Thurman,Fremont
629,51656,60.0,2.0,3.333333333333333,Yorktown,Page
630,52001,43525.0,7420.0,17.04767375071798,Dubuque,Dubuque
631,52002,16452.0,1084.0,6.588864575735473,Dubuque,Dubuque
632,52003,13497.0,1255.0,9.298362599096096,Dubuque,Dubuque
633,52030,463.0,83.0,17.92656587473002,Andrew,Jackson
634,52031,5244.0,414.0,7.894736842105262,Bellevue,Jackson
635,52032,1405.0,28.0,1.99288256227758,Bernard,Dubuque
636,52033,3077.0,346.0,11.24471888202795,Cascade,Dubuque
637,52035,1121.0,36.0,3.2114183764495987,Colesburg,Delaware
638,52037,1090.0,71.0,6.513761467889907,Delmar,Clinton
639,52038,562.0,55.0,9.786476868327401,Dundee,Delaware
640,52039,1073.0,16.0,1.4911463187325256,Durango,Dubuque
641,52040,5606.0,253.0,4.513021762397432,Dyersville,Dubuque
642,52041,1890.0,89.0,4.708994708994709,Earlville,Delaware
643,52042,1526.0,88.0,5.766710353866317,Edgewood,Clayton
644,52043,2204.0,166.0,7.531760435571687,Elkader,Clayton
645,52044,119.0,13.0,10.92436974789916,Elkport,Clayton
646,52045,2420.0,170.0,7.024793388429752,Epworth,Dubuque
647,52046,2410.0,150.0,6.224066390041495,Farley,Dubuque
648,52047,645.0,97.0,15.03875968992248,Farmersburg,Clayton
649,52048,484.0,48.0,9.917355371900827,Garber,Clayton
650,52049,1496.0,129.0,8.622994652406419,Garnavillo,Clayton
651,52050,635.0,28.0,4.409448818897638,Greeley,Delaware
652,52052,2880.0,291.0,10.104166666666666,Guttenberg,Clayton
653,52053,1046.0,35.0,3.3460803059273423,Holy Cross,Dubuque
654,52054,920.0,33.0,3.5869565217391304,La Motte,Jackson
655,52057,7694.0,801.0,10.410709643878349,Manchester,Delaware
656,52060,8467.0,1353.0,15.979685839140194,Maquoketa,Jackson
657,52064,936.0,68.0,7.264957264957265,Miles,Jackson
658,52065,1050.0,47.0,4.476190476190476,New Vienna,Dubuque
659,52066,72.0,13.0,18.055555555555557,North Buena Vista,Clayton
660,52068,4454.0,243.0,5.455770094297261,Peosta,Dubuque
661,52069,1568.0,135.0,8.609693877551019,Preston,Jackson
662,52070,769.0,28.0,3.641092327698309,Sabula,Jackson
663,52072,306.0,4.0,1.30718954248366,Saint Olaf,Clayton
664,52073,1343.0,69.0,5.137751303052867,Sherrill,Dubuque
665,52074,359.0,53.0,14.763231197771587,Spragueville,Jackson
666,52076,2428.0,211.0,8.690280065897861,Strawberry Point,Clayton
667,52077,354.0,19.0,5.367231638418079,Volga,Clayton
668,52078,677.0,36.0,5.317577548005908,Worthington,Dubuque
669,52079,994.0,86.0,8.651911468812878,Zwingle,Dubuque
670,52101,13467.0,897.0,6.660726219648027,Decorah,Winneshiek
671,52132,1897.0,188.0,9.910384818133897,Calmar,Winneshiek
672,52133,642.0,26.0,4.0498442367601255,Castalia,Winneshiek
673,52134,376.0,61.0,16.22340425531915,Chester,Howard
674,52135,707.0,77.0,10.891089108910892,Clermont,Fayette
675,52136,5886.0,604.0,10.261637784573564,Cresco,Howard
676,52140,603.0,96.0,15.92039800995025,Dorchester,Allamakee
677,52141,1555.0,154.0,9.903536977491964,Elgin,Fayette
678,52142,1668.0,303.0,18.165467625899282,Fayette,Fayette
679,52144,1393.0,81.0,5.8147882268485285,Fort Atkinson,Winneshiek
680,52146,927.0,69.0,7.44336569579288,Harpers Ferry,Allamakee
681,52147,1205.0,155.0,12.863070539419088,Hawkeye,Fayette
682,52151,1744.0,128.0,7.339449541284404,Lansing,Allamakee
683,52154,862.0,43.0,4.9883990719257545,Lawler,Chickasaw
684,52155,1232.0,168.0,13.636363636363635,Lime Springs,Howard
685,52156,644.0,61.0,9.472049689440992,Luana,Clayton
686,52157,1814.0,185.0,10.198456449834618,Mc Gregor,Clayton
687,52158,234.0,32.0,13.675213675213676,Marquette,Clayton
688,52159,2253.0,211.0,9.365290723479806,Monona,Clayton
689,52160,1028.0,56.0,5.447470817120624,New Albin,Allamakee
690,52161,1589.0,103.0,6.482064191315294,Ossian,Winneshiek
691,52162,3529.0,965.0,27.344856899971667,Postville,Allamakee
692,52163,260.0,9.0,3.4615384615384617,Protivin,Howard
693,52164,265.0,27.0,10.18867924528302,Randalia,Fayette
694,52165,693.0,41.0,5.916305916305916,Ridgeway,Winneshiek
695,52166,115.0,13.0,11.304347826086955,Saint Lucas,Fayette
696,52168,266.0,32.0,12.030075187969926,Spillville,Winneshiek
697,52169,368.0,67.0,18.206521739130434,Wadena,Fayette
698,52170,470.0,38.0,8.085106382978722,Waterville,Allamakee
699,52171,886.0,62.0,6.997742663656885,Waucoma,Fayette
700,52172,5901.0,448.0,7.591933570581257,Waukon,Allamakee
701,52175,3604.0,409.0,11.348501664816869,West Union,Fayette
702,52201,1484.0,41.0,2.762803234501348,Ainsworth,Washington
703,52202,986.0,43.0,4.36105476673428,Alburnett,Linn
704,52203,1957.0,24.0,1.2263668880940215,Amana,Iowa
705,52205,8902.0,785.0,8.818243091440127,Anamosa,Jones
706,52206,2500.0,75.0,3.0,Atkins,Benton
707,52207,417.0,13.0,3.117505995203837,Baldwin,Jackson
708,52208,3133.0,399.0,12.735397382700286,Belle Plaine,Benton
709,52209,1213.0,108.0,8.903544929925804,Blairstown,Benton
710,52210,692.0,65.0,9.393063583815028,Brandon,Buchanan
711,52211,2371.0,192.0,8.097849008857022,Brooklyn,Poweshiek
712,52212,160.0,49.0,30.625,Center Junction,Jones
713,52213,4074.0,131.0,3.2155130093274424,Center Point,Linn
714,52214,3842.0,327.0,8.51119208745445,Central City,Linn
715,52215,692.0,20.0,2.8901734104046244,Chelsea,Tama
716,52216,1378.0,103.0,7.474600870827285,Clarence,Cedar
717,52217,546.0,56.0,10.256410256410255,Clutier,Tama
718,52218,1667.0,110.0,6.5986802639472115,Coggon,Linn
719,52219,171.0,20.0,11.695906432748536,Prairieburg,Linn
720,52220,293.0,0.0,0.0,Conroy,Iowa
721,52221,240.0,10.0,4.166666666666667,Guernsey,Poweshiek
722,52222,507.0,36.0,7.100591715976331,Deep River,Poweshiek
723,52223,1318.0,136.0,10.318664643399089,Delhi,Delaware
724,52224,1919.0,143.0,7.451797811360082,Dysart,Tama
725,52225,315.0,42.0,13.333333333333336,Elberon,Tama
726,52227,3174.0,77.0,2.4259609325771896,Ely,Linn
727,52228,3324.0,109.0,3.2791817087845967,Fairfax,Linn
728,52229,839.0,53.0,6.3170441001191895,Garrison,Benton
729,52231,189.0,16.0,8.465608465608465,Harper,Keokuk
730,52232,202.0,9.0,4.455445544554456,Hartwick,Poweshiek
731,52233,7131.0,958.0,13.43430093955967,Hiawatha,Linn
732,52235,656.0,48.0,7.317073170731707,Hills,Johnson
733,52236,809.0,74.0,9.147095179233622,Homestead,Iowa
734,52237,1478.0,213.0,14.411366711772663,Hopkinton,Delaware
735,52240,34288.0,9330.0,27.210685954269714,Iowa City,Johnson
736,52241,20282.0,2809.0,13.84971896262696,Coralville,Johnson
737,52242,1654.0,0.0,0.0,Iowa City,Johnson
738,52245,24694.0,3807.0,15.416700413055803,Iowa City,Johnson
739,52246,22901.0,6219.0,27.15601938779966,Iowa City,Johnson
740,52247,5863.0,435.0,7.419409858434249,Kalona,Washington
741,52248,1939.0,308.0,15.884476534296025,Keota,Keokuk
742,52249,1005.0,52.0,5.174129353233831,Keystone,Benton
743,52251,609.0,25.0,4.105090311986864,Ladora,Iowa
744,52253,3258.0,257.0,7.8882750153468395,Lisbon,Linn
745,52254,818.0,164.0,20.048899755501218,Lost Nation,Clinton
746,52255,1427.0,112.0,7.848633496846531,Lowden,Cedar
747,52257,279.0,10.0,3.584229390681004,Luzerne,Benton
748,52301,3629.0,445.0,12.26233122072196,Marengo,Iowa
749,52302,39751.0,2860.0,7.194787552514403,Marion,Linn
750,52305,542.0,23.0,4.243542435424353,Martelle,Jones
751,52306,1733.0,67.0,3.8661281015579916,Mechanicsville,Cedar
752,52307,161.0,0.0,0.0,Middle Amana,Iowa
753,52308,165.0,16.0,9.696969696969695,Millersburg,Iowa
754,52309,383.0,45.0,11.749347258485642,Monmouth,Jackson
755,52310,6509.0,434.0,6.667690889537562,Monticello,Jones
756,52312,93.0,15.0,16.129032258064516,Morley,Jones
757,52313,353.0,49.0,13.881019830028329,Mount Auburn,Benton
758,52314,6075.0,294.0,4.8395061728395055,Mount Vernon,Linn
759,52315,1255.0,70.0,5.577689243027889,Newhall,Benton
760,52316,1808.0,253.0,13.99336283185841,North English,Iowa
761,52317,19250.0,897.0,4.65974025974026,North Liberty,Johnson
762,52318,839.0,112.0,13.3492252681764,Norway,Benton
763,52320,1156.0,160.0,13.840830449826989,Olin,Jones
764,52321,435.0,73.0,16.7816091954023,Onslow,Jones
765,52322,2777.0,109.0,3.9250990277277635,Oxford,Johnson
766,52323,909.0,98.0,10.781078107810783,Oxford Junction,Jones
767,52324,1860.0,117.0,6.290322580645161,Palo,Linn
768,52325,902.0,102.0,11.308203991130819,Parnell,Iowa
769,52326,488.0,37.0,7.581967213114754,Quasqueton,Buchanan
770,52327,3077.0,264.0,8.579785505362366,Riverside,Washington
771,52328,2801.0,20.0,0.7140307033202428,Robins,Linn
772,52329,901.0,31.0,3.4406215316315207,Rowley,Buchanan
773,52330,767.0,72.0,9.38722294654498,Ryan,Delaware
774,52332,2072.0,202.0,9.749034749034749,Shellsburg,Benton
775,52333,6604.0,334.0,5.057540884312538,Solon,Johnson
776,52334,160.0,0.0,0.0,South Amana,Iowa
777,52335,644.0,82.0,12.732919254658384,South English,Keokuk
778,52336,2367.0,126.0,5.32319391634981,Springville,Linn
779,52337,618.0,35.0,5.663430420711974,Stanwood,Cedar
780,52338,3588.0,13.0,0.3623188405797101,Swisher,Johnson
781,52339,4400.0,732.0,16.636363636363637,Tama,Tama
782,52340,2877.0,186.0,6.465067778936392,Tiffin,Johnson
783,52341,967.0,39.0,4.033092037228542,Toddville,Linn
784,52342,3251.0,528.0,16.24115656721009,Toledo,Tama
785,52345,1480.0,77.0,5.202702702702703,Urbana,Benton
786,52346,1212.0,117.0,9.653465346534654,Van Horne,Benton
787,52347,1452.0,88.0,6.0606060606060606,Victor,Iowa
788,52348,66.0,2.0,3.0303030303030303,Vining,Tama
789,52349,7451.0,816.0,10.951550127499663,Vinton,Benton
790,52351,1377.0,16.0,1.1619462599854755,Walford,Benton
791,52352,1747.0,146.0,8.35718374356039,Walker,Linn
792,52353,9284.0,1090.0,11.740629039207239,Washington,Washington
793,52354,336.0,9.0,2.6785714285714284,Watkins,Benton
794,52355,299.0,30.0,10.033444816053512,Webster,Keokuk
795,52356,2636.0,113.0,4.286798179059181,Wellman,Washington
796,52358,3519.0,226.0,6.422279056550156,West Branch,Cedar
797,52359,213.0,5.0,2.347417840375587,West Chester,Washington
798,52361,4440.0,528.0,11.891891891891891,Williamsburg,Iowa
799,52362,902.0,80.0,8.869179600886918,Wyoming,Jones
800,52401,2146.0,680.0,31.686859273066172,Cedar Rapids,Linn
801,52402,42068.0,3712.0,8.82380907102786,Cedar Rapids,Linn
802,52403,22538.0,2299.0,10.20055018191499,Cedar Rapids,Linn
803,52404,38796.0,5191.0,13.38024538612228,Cedar Rapids,Linn
804,52405,25074.0,2729.0,10.883783999361887,Cedar Rapids,Linn
805,52411,7646.0,118.0,1.543290609469003,Cedar Rapids,Linn
806,52501,29662.0,5217.0,17.588159935270713,Ottumwa,Wapello
807,52530,1017.0,78.0,7.66961651917404,Agency,Wapello
808,52531,5984.0,722.0,12.065508021390377,Albia,Monroe
809,52533,1651.0,148.0,8.964264082374319,Batavia,Jefferson
810,52534,288.0,49.0,17.01388888888889,Beacon,Mahaska
811,52535,1081.0,178.0,16.466234967622572,Birmingham,Van Buren
812,52536,1058.0,135.0,12.759924385633273,Blakesburg,Wapello
813,52537,7281.0,880.0,12.086251888476855,Bloomfield,Davis
814,52540,1200.0,171.0,14.25,Brighton,Washington
815,52542,445.0,44.0,9.887640449438203,Cantril,Van Buren
816,52543,373.0,29.0,7.774798927613942,Cedar,Mahaska
817,52544,7235.0,1296.0,17.912923289564613,Centerville,Appanoose
818,52548,101.0,17.0,16.831683168316832,Chillicothe,Wapello
819,52549,846.0,171.0,20.21276595744681,Cincinnati,Appanoose
820,52550,402.0,115.0,28.606965174129357,Delta,Keokuk
821,52551,444.0,9.0,2.0270270270270268,Douds,Van Buren
822,52552,862.0,53.0,6.148491879350347,Drakesville,Davis
823,52553,2063.0,240.0,11.633543383422198,Eddyville,Wapello
824,52554,1293.0,210.0,16.241299303944313,Eldon,Wapello
825,52555,362.0,32.0,8.839779005524862,Exline,Appanoose
826,52556,13496.0,1962.0,14.537640782454062,Fairfield,Jefferson
827,52557,70.0,0.0,0.0,Fairfield,Jefferson
828,52560,457.0,177.0,38.730853391684896,Floris,Davis
829,52561,929.0,141.0,15.177610333692144,Fremont,Mahaska
830,52563,1460.0,170.0,11.643835616438356,Hedrick,Keokuk
831,52565,1833.0,279.0,15.220949263502455,Keosauqua,Van Buren
832,52566,177.0,3.0,1.6949152542372878,Kirkville,Wapello
833,52567,749.0,62.0,8.277703604806408,Libertyville,Jefferson
834,52569,618.0,55.0,8.89967637540453,Melrose,Monroe
835,52570,974.0,73.0,7.494866529774129,Milton,Van Buren
836,52571,1594.0,86.0,5.395232120451693,Moravia,Appanoose
837,52572,1182.0,338.0,28.595600676818947,Moulton,Appanoose
838,52573,172.0,0.0,0.0,Mount Sterling,Van Buren
839,52574,817.0,141.0,17.258261933904528,Mystic,Appanoose
840,52576,511.0,27.0,5.283757338551859,Ollie,Keokuk
841,52577,15335.0,2373.0,15.474404955983045,Oskaloosa,Mahaska
842,52580,559.0,70.0,12.522361359570661,Packwood,Jefferson
843,52581,277.0,6.0,2.166064981949458,Plano,Appanoose
844,52583,244.0,17.0,6.967213114754099,Promise City,Wayne
845,52584,425.0,74.0,17.411764705882348,Pulaski,Davis
846,52585,1007.0,31.0,3.0784508440913605,Richland,Keokuk
847,52586,369.0,33.0,8.943089430894311,Rose Hill,Mahaska
848,52588,0.0,0.0,,Selma,Van Buren
849,52590,1170.0,257.0,21.96581196581197,Seymour,Wayne
850,52591,3204.0,267.0,8.333333333333334,Sigourney,Keokuk
851,52593,156.0,6.0,3.8461538461538463,Udell,Appanoose
852,52594,298.0,49.0,16.44295302013423,Unionville,Appanoose
853,52595,441.0,100.0,22.67573696145125,University Park,Mahaska
854,52601,29175.0,5056.0,17.329905741216795,Burlington,Des Moines
855,52619,610.0,73.0,11.9672131147541,Argyle,Lee
856,52620,891.0,144.0,16.161616161616163,Bonaparte,Van Buren
857,52621,618.0,76.0,12.297734627831714,Crawfordsville,Washington
858,52623,2103.0,96.0,4.564907275320969,Danville,Des Moines
859,52624,252.0,55.0,21.825396825396822,Denmark,Lee
860,52625,2658.0,210.0,7.900677200902934,Donnellson,Lee
861,52626,1340.0,180.0,13.432835820895527,Farmington,Van Buren
862,52627,12810.0,1861.0,14.527712724434036,Fort Madison,Lee
863,52630,428.0,72.0,16.822429906542055,Hillsboro,Henry
864,52632,12800.0,3020.0,23.59375,Keokuk,Lee
865,52635,766.0,172.0,22.45430809399478,Lockridge,Jefferson
866,52637,2541.0,135.0,5.312868949232586,Mediapolis,Des Moines
867,52638,581.0,37.0,6.368330464716007,Middletown,Des Moines
868,52639,2056.0,176.0,8.560311284046692,Montrose,Lee
869,52640,1536.0,102.0,6.640625,Morning Sun,Louisa
870,52641,12008.0,1380.0,11.492338441039307,Mount Pleasant,Henry
871,52644,368.0,46.0,12.5,Mount Union,Henry
872,52645,3245.0,355.0,10.939907550077043,New London,Henry
873,52646,350.0,55.0,15.714285714285715,Oakville,Louisa
874,52647,168.0,2.0,1.1904761904761905,Olds,Henry
875,52649,935.0,114.0,12.192513368983958,Salem,Henry
876,52650,645.0,19.0,2.9457364341085266,Sperry,Des Moines
877,52651,771.0,154.0,19.974059662775613,Stockport,Van Buren
878,52653,3312.0,342.0,10.326086956521738,Wapello,Louisa
879,52654,1765.0,209.0,11.841359773371105,Wayland,Henry
880,52655,4447.0,606.0,13.627164380481224,West Burlington,Des Moines
881,52656,2374.0,58.0,2.443133951137321,West Point,Lee
882,52657,66.0,4.0,6.0606060606060606,Saint Paul,Lee
883,52658,776.0,32.0,4.123711340206185,Wever,Lee
884,52659,1443.0,167.0,11.573111573111571,Winfield,Henry
885,52660,150.0,0.0,0.0,Yarmouth,Des Moines
886,52701,93.0,0.0,0.0,Andover,Clinton
887,52720,867.0,25.0,2.883506343713956,Atalissa,Muscatine
888,52721,763.0,26.0,3.4076015727391877,Bennett,Cedar
889,52722,36626.0,1879.0,5.130235351935784,Bettendorf,Scott
890,52726,5090.0,169.0,3.3202357563850686,Blue Grass,Scott
891,52727,353.0,9.0,2.54957507082153,Bryant,Clinton
892,52728,1075.0,51.0,4.744186046511628,Buffalo,Scott
893,52729,830.0,45.0,5.421686746987952,Calamus,Clinton
894,52730,4868.0,560.0,11.503697617091207,Camanche,Clinton
895,52731,730.0,50.0,6.849315068493151,Charlotte,Clinton
896,52732,27227.0,4057.0,14.900650089984207,Clinton,Clinton
897,52737,472.0,37.0,7.838983050847457,Columbus City,Louisa
898,52738,3775.0,406.0,10.754966887417217,Columbus Junction,Louisa
899,52739,690.0,121.0,17.536231884057973,Conesville,Muscatine
900,52742,7822.0,853.0,10.905139350549732,De Witt,Clinton
901,52745,469.0,35.0,7.462686567164179,Dixon,Scott
902,52746,944.0,30.0,3.1779661016949152,Donahue,Scott
903,52747,1951.0,125.0,6.4069707842132235,Durant,Cedar
904,52748,10218.0,696.0,6.811509101585437,Eldridge,Scott
905,52749,1221.0,71.0,5.814905814905815,Fruitland,Muscatine
906,52750,545.0,22.0,4.036697247706422,Goose Lake,Clinton
907,52751,995.0,29.0,2.914572864321608,Grand Mound,Clinton
908,52752,485.0,61.0,12.577319587628866,Grandview,Louisa
909,52753,5511.0,215.0,3.901288332426057,Le Claire,Scott
910,52754,1384.0,56.0,4.0462427745664735,Letts,Louisa
911,52755,2074.0,59.0,2.8447444551591134,Lone Tree,Johnson
912,52756,2162.0,57.0,2.6364477335800185,Long Grove,Scott
913,52757,219.0,45.0,20.54794520547945,Low Moor,Clinton
914,52758,215.0,16.0,7.441860465116278,Mc Causland,Scott
915,52760,403.0,28.0,6.9478908188585615,Moscow,Muscatine
916,52761,30401.0,3962.0,13.032466037301404,Muscatine,Muscatine
917,52765,394.0,28.0,7.1065989847715745,New Liberty,Scott
918,52766,865.0,21.0,2.4277456647398843,Nichols,Muscatine
919,52767,246.0,0.0,0.0,Pleasant Valley,Scott
920,52768,1558.0,121.0,7.766367137355584,Princeton,Scott
921,52769,681.0,26.0,3.81791483113069,Stockton,Muscatine
922,52772,4979.0,199.0,3.9967865033139183,Tipton,Cedar
923,52773,2289.0,157.0,6.858890345128878,Walcott,Scott
924,52774,114.0,9.0,7.894736842105262,Welton,Clinton
925,52776,4807.0,96.0,1.997087580611608,West Liberty,Muscatine
926,52777,1351.0,161.0,11.917098445595856,Wheatland,Clinton
927,52778,4479.0,277.0,6.1844161643223945,Wilton,Muscatine
928,52801,1037.0,241.0,23.24011571841852,Davenport,Scott
929,52802,10574.0,2476.0,23.415925855872892,Davenport,Scott
930,52803,22882.0,4306.0,18.818285114937503,Davenport,Scott
931,52804,27373.0,3897.0,14.236656559383334,Davenport,Scott
932,52806,28018.0,5133.0,18.320365479334715,Davenport,Scott
933,52807,14824.0,1114.0,7.514840798704803,Davenport,Scott
